76680,10.675,Jan 21 2022 01: +0
70330,6.173,Jan 22 2022 01: +0
62767,4.914,Jan 23 2022 01: +0
52950,4.328,Jan 24 2022 01: +0
51942,3.996,Jan 25 2022 01: +0
52060,3.329,Jan 26 2022 01: +0
53145,3.007,Jan 27 2022 01: +0
58964,2.833,Jan 28 2022 01: +0
62989,2.639,Jan 29 2022 01: +0
62221,2.32,Jan 30 2022 01: +0
57524,2.149,Jan 31 2022 01: +0
52495,2.253,Feb 01 2022 01: +0
53070,2.249,Feb 02 2022 01: +0
52633,2.177,Feb 03 2022 01: +0
56569,2.091,Feb 04 2022 01: +0
59364,2.028,Feb 05 2022 01: +0
59430,1.827,Feb 06 2022 01: +0
57285,1.677,Feb 07 2022 01: +0
53459,1.595,Feb 08 2022 01: +0
54600,1.458,Feb 09 2022 01: +0
53461,1.478,Feb 10 2022 01: +0
57660,1.53,Feb 11 2022 01: +0
61756,1.537,Feb 12 2022 01: +0
58925,1.478,Feb 13 2022 01: +0
49140,1.371,Feb 14 2022 01: +0
51438,1.348,Feb 15 2022 01: +0
52438,1.382,Feb 16 2022 01: +0
50224,1.376,Feb 17 2022 01: +0
57686,1.37,Feb 18 2022 01: +0
61149,1.347,Feb 19 2022 01: +0
59893,1.248,Feb 20 2022 01: +0
56376,1.2,Feb 21 2022 01: +0
58730,1.207,Feb 22 2022 01: +0
58204,1.187,Feb 23 2022 01: +0
53002,1.225,Feb 24 2022 01: +0
58059,1.265,Feb 25 2022 01: +0
66558,1.254,Feb 26 2022 01: +0
62683,1.242,Feb 27 2022 01: +0
56121,1.227,Feb 28 2022 01: +0
57626,1.204,Mar 01 2022 01: +0
56339,1.23,Mar 02 2022 01: +0
56902,1.227,Mar 03 2022 01: +0
59890,1.234,Mar 04 2022 01: +0
69650,1.256,Mar 05 2022 01: +0
68673,1.187,Mar 06 2022 01: +0
68553,1.065,Mar 07 2022 01: +0
71533,1.056,Mar 08 2022 01: +0
60024,1.098,Mar 09 2022 01: +0
61943,1.082,Mar 10 2022 01: +0
68506,1.124,Mar 11 2022 01: +0
76947,1.146,Mar 12 2022 01: +0
73347,1.151,Mar 13 2022 01: +0
57287,1.172,Mar 14 2022 01: +0
57255,1.164,Mar 15 2022 01: +0
57338,1.176,Mar 16 2022 01: +0
58458,1.148,Mar 17 2022 01: +0
63121,1.137,Mar 18 2022 01: +0
72816,1.148,Mar 19 2022 01: +0
68061,1.127,Mar 20 2022 01: +0
60351,1.114,Mar 21 2022 01: +0
57958,1.117,Mar 22 2022 01: +0
57944,1.11,Mar 23 2022 01: +0
58732,1.128,Mar 24 2022 01: +0
63467,1.189,Mar 25 2022 01: +0
65117,1.203,Mar 26 2022 01: +0
67185,1.21,Mar 27 2022 01: +0
55303,1.215,Mar 28 2022 01: +0
56042,1.197,Mar 29 2022 01: +0
51545,1.213,Mar 30 2022 01: +0
54058,1.225,Mar 31 2022 01: +0
60078,1.267,Apr 01 2022 01: +0
68181,1.292,Apr 02 2022 01: +0
66939,1.311,Apr 03 2022 01: +0
55462,1.325,Apr 04 2022 01: +0
51848,1.331,Apr 05 2022 01: +0
49665,1.341,Apr 06 2022 01: +0
50813,1.368,Apr 07 2022 01: +0
56996,1.4,Apr 08 2022 01: +0
62703,1.422,Apr 09 2022 01: +0
12087,1.452,Apr 10 2022 01: +0
1637,1.42,Apr 10 2022 08: +0
1902,1.42,Apr 10 2022 09: +0
2077,1.418,Apr 10 2022 10: +0
2715,1.416,Apr 10 2022 11: +0
2886,1.414,Apr 10 2022 12: +0
3027,1.42,Apr 10 2022 13: +0
3000,1.41,Apr 10 2022 14: +0
3581,1.414,Apr 10 2022 15: +0
3205,1.401,Apr 10 2022 16: +0
3685,1.401,Apr 10 2022 17: +0
4097,1.406,Apr 10 2022 18: +0
3869,1.395,Apr 10 2022 19: +0
3711,1.39,Apr 10 2022 20: +0
3336,1.39,Apr 10 2022 21: +0
3239,1.396,Apr 10 2022 22: +0
2032,1.398,Apr 10 2022 23: +0
1967,1.4,Apr 11 2022 00: +0
1726,1.416,Apr 11 2022 01: +0
1373,1.41,Apr 11 2022 02: +0
2680,1.46,Apr 11 2022 03: +0
1381,1.466,Apr 11 2022 04: +0
1841,1.481,Apr 11 2022 05: +0
1928,1.49,Apr 11 2022 06: +0
1719,1.49,Apr 11 2022 07: +0
1130,1.45,Apr 11 2022 08: +0
1207,1.407,Apr 11 2022 09: +0
1854,1.411,Apr 11 2022 10: +0
1788,1.407,Apr 11 2022 11: +0
1898,1.419,Apr 11 2022 12: +0
2116,1.419,Apr 11 2022 13: +0
2367,1.411,Apr 11 2022 14: +0
2620,1.398,Apr 11 2022 15: +0
3082,1.398,Apr 11 2022 16: +0
3272,1.398,Apr 11 2022 17: +0
3337,1.39,Apr 11 2022 18: +0
3569,1.376,Apr 11 2022 19: +0
3702,1.365,Apr 11 2022 20: +0
3796,1.375,Apr 11 2022 21: +0
3162,1.365,Apr 11 2022 22: +0
2385,1.374,Apr 11 2022 23: +0
1493,1.364,Apr 12 2022 00: +0
1881,1.39,Apr 12 2022 01: +0
1868,1.393,Apr 12 2022 02: +0
1693,1.41,Apr 12 2022 03: +0
1903,1.426,Apr 12 2022 04: +0
1559,1.45,Apr 12 2022 05: +0
1530,1.44,Apr 12 2022 06: +0
1199,1.43,Apr 12 2022 07: +0
1294,1.4,Apr 12 2022 08: +0
1762,1.41,Apr 12 2022 09: +0
1485,1.388,Apr 12 2022 10: +0
2120,1.398,Apr 12 2022 11: +0
1894,1.378,Apr 12 2022 12: +0
2289,1.371,Apr 12 2022 13: +0
2539,1.371,Apr 12 2022 14: +0
2874,1.35,Apr 12 2022 15: +0
2821,1.338,Apr 12 2022 16: +0
3031,1.337,Apr 12 2022 17: +0
3264,1.327,Apr 12 2022 18: +0
3404,1.315,Apr 12 2022 19: +0
3752,1.305,Apr 12 2022 20: +0
2770,1.294,Apr 12 2022 21: +0
2268,1.278,Apr 12 2022 22: +0
2237,1.294,Apr 12 2022 23: +0
1126,1.31,Apr 13 2022 00: +0
1298,1.294,Apr 13 2022 01: +0
1598,1.328,Apr 13 2022 02: +0
1217,1.32,Apr 13 2022 03: +0
1241,1.34,Apr 13 2022 04: +0
1010,1.33,Apr 13 2022 05: +0
1480,1.348,Apr 13 2022 06: +0
1789,1.37,Apr 13 2022 07: +0
1396,1.35,Apr 13 2022 08: +0
1265,1.321,Apr 13 2022 09: +0
1534,1.325,Apr 13 2022 10: +0
1659,1.316,Apr 13 2022 11: +0
2408,1.326,Apr 13 2022 12: +0
2167,1.305,Apr 13 2022 13: +0
2404,1.31,Apr 13 2022 14: +0
2486,1.294,Apr 13 2022 15: +0
2766,1.283,Apr 13 2022 16: +0
3008,1.281,Apr 13 2022 17: +0
3579,1.294,Apr 13 2022 18: +0
3512,1.287,Apr 13 2022 19: +0
3628,1.28,Apr 13 2022 20: +0
3039,1.26,Apr 13 2022 21: +0
2489,1.264,Apr 13 2022 22: +0
2426,1.275,Apr 13 2022 23: +0
2063,1.309,Apr 14 2022 00: +0
1368,1.286,Apr 14 2022 01: +0
1655,1.34,Apr 14 2022 02: +0
1452,1.32,Apr 14 2022 03: +0
1487,1.346,Apr 14 2022 04: +0
1921,1.372,Apr 14 2022 05: +0
1422,1.35,Apr 14 2022 06: +0
1397,1.33,Apr 14 2022 07: +0
1469,1.337,Apr 14 2022 08: +0
1700,1.31,Apr 14 2022 09: +0
1726,1.31,Apr 14 2022 10: +0
1716,1.316,Apr 14 2022 11: +0
1929,1.28,Apr 14 2022 12: +0
2494,1.286,Apr 14 2022 13: +0
2309,1.286,Apr 14 2022 14: +0
2820,1.28,Apr 14 2022 15: +0
3416,1.286,Apr 14 2022 16: +0
3175,1.279,Apr 14 2022 17: +0
3255,1.264,Apr 14 2022 18: +0
3647,1.264,Apr 14 2022 19: +0
3781,1.264,Apr 14 2022 20: +0
3469,1.266,Apr 14 2022 21: +0
3090,1.266,Apr 14 2022 22: +0
2504,1.277,Apr 14 2022 23: +0
1827,1.277,Apr 15 2022 00: +0
1490,1.3,Apr 15 2022 01: +0
1816,1.35,Apr 15 2022 02: +0
2324,1.368,Apr 15 2022 03: +0
1701,1.35,Apr 15 2022 04: +0
1399,1.34,Apr 15 2022 05: +0
1352,1.342,Apr 15 2022 06: +0
1302,1.35,Apr 15 2022 07: +0
1489,1.33,Apr 15 2022 08: +0
1573,1.31,Apr 15 2022 09: +0
2165,1.32,Apr 15 2022 10: +0
1870,1.311,Apr 15 2022 11: +0
2392,1.298,Apr 15 2022 12: +0
2366,1.298,Apr 15 2022 13: +0
2948,1.298,Apr 15 2022 14: +0
2801,1.318,Apr 15 2022 15: +0
3087,1.298,Apr 15 2022 16: +0
3196,1.3,Apr 15 2022 17: +0
3708,1.302,Apr 15 2022 18: +0
3882,1.293,Apr 15 2022 19: +0
4260,1.29,Apr 15 2022 20: +0
4096,1.296,Apr 15 2022 21: +0
3385,1.293,Apr 15 2022 22: +0
2733,1.3,Apr 15 2022 23: +0
2247,1.31,Apr 16 2022 00: +0
1742,1.35,Apr 16 2022 01: +0
1961,1.35,Apr 16 2022 02: +0
1789,1.39,Apr 16 2022 03: +0
2173,1.397,Apr 16 2022 04: +0
1858,1.394,Apr 16 2022 05: +0
1592,1.395,Apr 16 2022 06: +0
1419,1.34,Apr 16 2022 07: +0
1568,1.34,Apr 16 2022 08: +0
1842,1.33,Apr 16 2022 09: +0
2047,1.32,Apr 16 2022 10: +0
2387,1.309,Apr 16 2022 11: +0
2518,1.303,Apr 16 2022 12: +0
2735,1.314,Apr 16 2022 13: +0
2881,1.312,Apr 16 2022 14: +0
2927,1.317,Apr 16 2022 15: +0
3026,1.307,Apr 16 2022 16: +0
3504,1.312,Apr 16 2022 17: +0
3506,1.307,Apr 16 2022 18: +0
3732,1.3,Apr 16 2022 19: +0
4289,1.307,Apr 16 2022 20: +0
3765,1.307,Apr 16 2022 21: +0
3876,1.313,Apr 16 2022 22: +0
3025,1.318,Apr 16 2022 23: +0
2287,1.318,Apr 17 2022 00: +0
1451,1.324,Apr 17 2022 01: +0
1598,1.353,Apr 17 2022 02: +0
1283,1.35,Apr 17 2022 03: +0
1640,1.38,Apr 17 2022 04: +0
1678,1.384,Apr 17 2022 05: +0
1702,1.39,Apr 17 2022 06: +0
1368,1.371,Apr 17 2022 07: +0
1527,1.34,Apr 17 2022 08: +0
1792,1.33,Apr 17 2022 09: +0
2041,1.34,Apr 17 2022 10: +0
2595,1.339,Apr 17 2022 11: +0
2551,1.312,Apr 17 2022 12: +0
2779,1.312,Apr 17 2022 13: +0
3152,1.318,Apr 17 2022 14: +0
2950,1.3,Apr 17 2022 15: +0
3359,1.3,Apr 17 2022 16: +0
3596,1.296,Apr 17 2022 17: +0
3486,1.3,Apr 17 2022 18: +0
1708,1.34,Apr 17 2022 19: +0
3575,1.3,Apr 17 2022 20: +0
3797,1.3,Apr 17 2022 21: +0
3734,1.3,Apr 17 2022 22: +0
2675,1.304,Apr 17 2022 23: +0
2230,1.32,Apr 18 2022 00: +0
1756,1.32,Apr 18 2022 01: +0
1696,1.35,Apr 18 2022 02: +0
1672,1.379,Apr 18 2022 03: +0
1203,1.35,Apr 18 2022 04: +0
1182,1.35,Apr 18 2022 05: +0
1137,1.361,Apr 18 2022 06: +0
1196,1.34,Apr 18 2022 07: +0
1988,1.386,Apr 18 2022 08: +0
1662,1.34,Apr 18 2022 09: +0
1603,1.325,Apr 18 2022 10: +0
1818,1.3,Apr 18 2022 11: +0
2202,1.302,Apr 18 2022 12: +0
2782,1.3,Apr 18 2022 13: +0
3038,1.303,Apr 18 2022 14: +0
2698,1.296,Apr 18 2022 15: +0
2833,1.31,Apr 18 2022 16: +0
3105,1.29,Apr 18 2022 17: +0
3747,1.291,Apr 18 2022 18: +0
3712,1.287,Apr 18 2022 19: +0
3909,1.28,Apr 18 2022 20: +0
3507,1.286,Apr 18 2022 21: +0
2656,1.296,Apr 18 2022 22: +0
967,1.32,Apr 18 2022 23: +0
1617,1.3,Apr 19 2022 00: +0
1557,1.314,Apr 19 2022 01: +0
1609,1.34,Apr 19 2022 02: +0
1633,1.34,Apr 19 2022 03: +0
1423,1.35,Apr 19 2022 04: +0
1417,1.366,Apr 19 2022 05: +0
1287,1.366,Apr 19 2022 06: +0
1339,1.358,Apr 19 2022 07: +0
1254,1.33,Apr 19 2022 08: +0
1406,1.318,Apr 19 2022 09: +0
1711,1.3,Apr 19 2022 10: +0
2113,1.307,Apr 19 2022 11: +0
2167,1.308,Apr 19 2022 12: +0
2375,1.3,Apr 19 2022 13: +0
2719,1.3,Apr 19 2022 14: +0
2651,1.296,Apr 19 2022 15: +0
2597,1.282,Apr 19 2022 16: +0
3281,1.286,Apr 19 2022 17: +0
3488,1.286,Apr 19 2022 18: +0
4093,1.286,Apr 19 2022 19: +0
3610,1.27,Apr 19 2022 20: +0
3302,1.263,Apr 19 2022 21: +0
2623,1.26,Apr 19 2022 22: +0
2003,1.27,Apr 19 2022 23: +0
1555,1.28,Apr 20 2022 00: +0
1498,1.281,Apr 20 2022 01: +0
1468,1.293,Apr 20 2022 02: +0
1832,1.31,Apr 20 2022 03: +0
1451,1.32,Apr 20 2022 04: +0
1960,1.35,Apr 20 2022 05: +0
1236,1.35,Apr 20 2022 06: +0
1181,1.319,Apr 20 2022 07: +0
1295,1.326,Apr 20 2022 08: +0
1442,1.329,Apr 20 2022 09: +0
1822,1.32,Apr 20 2022 10: +0
1616,1.311,Apr 20 2022 11: +0
1776,1.307,Apr 20 2022 12: +0
2279,1.3,Apr 20 2022 13: +0
2283,1.296,Apr 20 2022 14: +0
2674,1.28,Apr 20 2022 15: +0
2826,1.281,Apr 20 2022 16: +0
3029,1.28,Apr 20 2022 17: +0
3085,1.275,Apr 20 2022 18: +0
3673,1.27,Apr 20 2022 19: +0
3559,1.26,Apr 20 2022 20: +0
3198,1.26,Apr 20 2022 21: +0
2325,1.259,Apr 20 2022 22: +0
1920,1.26,Apr 20 2022 23: +0
1695,1.28,Apr 21 2022 00: +0
1342,1.287,Apr 21 2022 01: +0
1444,1.295,Apr 21 2022 02: +0
1343,1.287,Apr 21 2022 03: +0
1859,1.32,Apr 21 2022 04: +0
1500,1.32,Apr 21 2022 05: +0
1629,1.35,Apr 21 2022 06: +0
962,1.3,Apr 21 2022 07: +0
1407,1.318,Apr 21 2022 08: +0
1523,1.306,Apr 21 2022 09: +0
2353,1.339,Apr 21 2022 10: +0
2523,1.35,Apr 21 2022 11: +0
1843,1.284,Apr 21 2022 12: +0
2147,1.304,Apr 21 2022 13: +0
2519,1.294,Apr 21 2022 14: +0
2730,1.295,Apr 21 2022 15: +0
2827,1.28,Apr 21 2022 16: +0
3457,1.284,Apr 21 2022 17: +0
3421,1.28,Apr 21 2022 18: +0
3486,1.273,Apr 21 2022 19: +0
3876,1.276,Apr 21 2022 20: +0
3416,1.27,Apr 21 2022 21: +0
2771,1.27,Apr 21 2022 22: +0
2272,1.281,Apr 21 2022 23: +0
1821,1.29,Apr 22 2022 00: +0
1831,1.32,Apr 22 2022 01: +0
1675,1.33,Apr 22 2022 02: +0
1492,1.32,Apr 22 2022 03: +0
2363,1.35,Apr 22 2022 04: +0
1743,1.372,Apr 22 2022 05: +0
1487,1.377,Apr 22 2022 06: +0
1295,1.353,Apr 22 2022 07: +0
1324,1.34,Apr 22 2022 08: +0
1400,1.33,Apr 22 2022 09: +0
1859,1.347,Apr 22 2022 10: +0
1812,1.306,Apr 22 2022 11: +0
2608,1.358,Apr 22 2022 12: +0
1980,1.31,Apr 22 2022 13: +0
2411,1.306,Apr 22 2022 14: +0
2968,1.314,Apr 22 2022 15: +0
3351,1.317,Apr 22 2022 16: +0
3234,1.31,Apr 22 2022 17: +0
3337,1.3,Apr 22 2022 18: +0
4039,1.3,Apr 22 2022 19: +0
4218,1.3,Apr 22 2022 20: +0
4246,1.29,Apr 22 2022 21: +0
3637,1.299,Apr 22 2022 22: +0
3033,1.303,Apr 22 2022 23: +0
2243,1.31,Apr 23 2022 00: +0
1708,1.32,Apr 23 2022 01: +0
2597,1.38,Apr 23 2022 02: +0
2459,1.39,Apr 23 2022 03: +0
1783,1.39,Apr 23 2022 04: +0
2266,1.408,Apr 23 2022 05: +0
1586,1.4,Apr 23 2022 06: +0
1763,1.4,Apr 23 2022 07: +0
2073,1.4,Apr 23 2022 08: +0
1987,1.363,Apr 23 2022 09: +0
2168,1.35,Apr 23 2022 10: +0
1987,1.32,Apr 23 2022 11: +0
2691,1.341,Apr 23 2022 12: +0
2400,1.319,Apr 23 2022 13: +0
3171,1.331,Apr 23 2022 14: +0
3268,1.341,Apr 23 2022 15: +0
3122,1.334,Apr 23 2022 16: +0
3271,1.325,Apr 23 2022 17: +0
3297,1.319,Apr 23 2022 18: +0
3764,1.319,Apr 23 2022 19: +0
3595,1.3,Apr 23 2022 20: +0
3901,1.31,Apr 23 2022 21: +0
3263,1.308,Apr 23 2022 22: +0
2644,1.307,Apr 23 2022 23: +0
2015,1.319,Apr 24 2022 00: +0
1694,1.33,Apr 24 2022 01: +0
1934,1.374,Apr 24 2022 02: +0
1805,1.389,Apr 24 2022 03: +0
1784,1.4,Apr 24 2022 04: +0
1840,1.412,Apr 24 2022 05: +0
1153,1.38,Apr 24 2022 06: +0
2060,1.4,Apr 24 2022 07: +0
1299,1.32,Apr 24 2022 08: +0
1847,1.318,Apr 24 2022 09: +0
2247,1.3,Apr 24 2022 10: +0
2527,1.31,Apr 24 2022 11: +0
2492,1.3,Apr 24 2022 12: +0
2875,1.303,Apr 24 2022 13: +0
2811,1.303,Apr 24 2022 14: +0
2964,1.29,Apr 24 2022 15: +0
3325,1.298,Apr 24 2022 16: +0
3311,1.293,Apr 24 2022 17: +0
3560,1.298,Apr 24 2022 18: +0
3625,1.28,Apr 24 2022 19: +0
3779,1.28,Apr 24 2022 20: +0
3439,1.28,Apr 24 2022 21: +0
2682,1.28,Apr 24 2022 22: +0
2253,1.287,Apr 24 2022 23: +0
1855,1.298,Apr 25 2022 00: +0
1453,1.298,Apr 25 2022 01: +0
1832,1.35,Apr 25 2022 02: +0
1148,1.33,Apr 25 2022 03: +0
1819,1.38,Apr 25 2022 04: +0
1429,1.38,Apr 25 2022 05: +0
1187,1.348,Apr 25 2022 06: +0
1639,1.369,Apr 25 2022 07: +0
1706,1.368,Apr 25 2022 08: +0
1392,1.336,Apr 25 2022 09: +0
1724,1.32,Apr 25 2022 10: +0
1581,1.298,Apr 25 2022 11: +0
1960,1.308,Apr 25 2022 12: +0
1918,1.28,Apr 25 2022 13: +0
2551,1.281,Apr 25 2022 14: +0
2820,1.282,Apr 25 2022 15: +0
2575,1.276,Apr 25 2022 16: +0
2542,1.28,Apr 25 2022 17: +0
3870,1.281,Apr 25 2022 18: +0
3602,1.276,Apr 25 2022 19: +0
3407,1.27,Apr 25 2022 20: +0
3486,1.26,Apr 25 2022 21: +0
2528,1.265,Apr 25 2022 22: +0
3003,1.299,Apr 25 2022 23: +0
2765,1.362,Apr 26 2022 00: +0
1653,1.349,Apr 26 2022 01: +0
1667,1.353,Apr 26 2022 02: +0
1830,1.364,Apr 26 2022 03: +0
1463,1.371,Apr 26 2022 04: +0
2173,1.39,Apr 26 2022 05: +0
1495,1.38,Apr 26 2022 06: +0
1618,1.39,Apr 26 2022 07: +0
1349,1.373,Apr 26 2022 08: +0
1078,1.3,Apr 26 2022 09: +0
1656,1.33,Apr 26 2022 10: +0
1905,1.334,Apr 26 2022 11: +0
1766,1.31,Apr 26 2022 12: +0
1913,1.29,Apr 26 2022 13: +0
2526,1.304,Apr 26 2022 14: +0
2769,1.297,Apr 26 2022 15: +0
3311,1.329,Apr 26 2022 16: +0
3183,1.31,Apr 26 2022 17: +0
3586,1.31,Apr 26 2022 18: +0
3598,1.297,Apr 26 2022 19: +0
3488,1.287,Apr 26 2022 20: +0
3487,1.29,Apr 26 2022 21: +0
2766,1.292,Apr 26 2022 22: +0
1574,1.311,Apr 26 2022 23: +0
1842,1.324,Apr 27 2022 00: +0
1774,1.331,Apr 27 2022 01: +0
2089,1.378,Apr 27 2022 02: +0
1721,1.377,Apr 27 2022 03: +0
1805,1.38,Apr 27 2022 04: +0
1156,1.35,Apr 27 2022 05: +0
2449,1.39,Apr 27 2022 06: +0
1860,1.4,Apr 27 2022 07: +0
1742,1.398,Apr 27 2022 08: +0
1446,1.356,Apr 27 2022 09: +0
1782,1.345,Apr 27 2022 10: +0
2091,1.345,Apr 27 2022 11: +0
1818,1.322,Apr 27 2022 12: +0
2006,1.324,Apr 27 2022 13: +0
2465,1.313,Apr 27 2022 14: +0
2623,1.302,Apr 27 2022 15: +0
2976,1.306,Apr 27 2022 16: +0
3167,1.302,Apr 27 2022 17: +0
3433,1.302,Apr 27 2022 18: +0
3535,1.292,Apr 27 2022 19: +0
3375,1.287,Apr 27 2022 20: +0
3410,1.286,Apr 27 2022 21: +0
2697,1.291,Apr 27 2022 22: +0
2148,1.293,Apr 27 2022 23: +0
1706,1.307,Apr 28 2022 00: +0
1651,1.339,Apr 28 2022 01: +0
1584,1.343,Apr 28 2022 02: +0
1881,1.365,Apr 28 2022 03: +0
1378,1.361,Apr 28 2022 04: +0
1304,1.35,Apr 28 2022 05: +0
1099,1.371,Apr 28 2022 06: +0
1752,1.381,Apr 28 2022 07: +0
1427,1.35,Apr 28 2022 08: +0
1436,1.313,Apr 28 2022 09: +0
1469,1.316,Apr 28 2022 10: +0
1716,1.336,Apr 28 2022 11: +0
2039,1.33,Apr 28 2022 12: +0
2818,1.343,Apr 28 2022 13: +0
2335,1.323,Apr 28 2022 14: +0
2670,1.307,Apr 28 2022 15: +0
3129,1.307,Apr 28 2022 16: +0
3164,1.327,Apr 28 2022 17: +0
3445,1.3,Apr 28 2022 18: +0
3730,1.302,Apr 28 2022 19: +0
3704,1.286,Apr 28 2022 20: +0
3318,1.29,Apr 28 2022 21: +0
2815,1.291,Apr 28 2022 22: +0
2225,1.302,Apr 28 2022 23: +0
1452,1.29,Apr 29 2022 00: +0
1725,1.34,Apr 29 2022 01: +0
1593,1.375,Apr 29 2022 02: +0
1929,1.375,Apr 29 2022 03: +0
1891,1.393,Apr 29 2022 04: +0
1240,1.38,Apr 29 2022 05: +0
2121,1.4,Apr 29 2022 06: +0
1617,1.4,Apr 29 2022 07: +0
1643,1.379,Apr 29 2022 08: +0
1653,1.35,Apr 29 2022 09: +0
1883,1.365,Apr 29 2022 10: +0
1641,1.343,Apr 29 2022 11: +0
2283,1.352,Apr 29 2022 12: +0
2444,1.344,Apr 29 2022 13: +0
3064,1.349,Apr 29 2022 14: +0
2991,1.327,Apr 29 2022 15: +0
2908,1.334,Apr 29 2022 16: +0
3305,1.333,Apr 29 2022 17: +0
3848,1.35,Apr 29 2022 18: +0
3965,1.35,Apr 29 2022 19: +0
3938,1.323,Apr 29 2022 20: +0
4365,1.338,Apr 29 2022 21: +0
3759,1.342,Apr 29 2022 22: +0
2701,1.337,Apr 29 2022 23: +0
2194,1.347,Apr 30 2022 00: +0
1990,1.4,Apr 30 2022 01: +0
2141,1.421,Apr 30 2022 02: +0
1585,1.41,Apr 30 2022 03: +0
1307,1.39,Apr 30 2022 04: +0
2355,1.42,Apr 30 2022 05: +0
2146,1.43,Apr 30 2022 06: +0
2093,1.43,Apr 30 2022 07: +0
2096,1.41,Apr 30 2022 08: +0
1635,1.36,Apr 30 2022 09: +0
2146,1.35,Apr 30 2022 10: +0
2105,1.342,Apr 30 2022 11: +0
2184,1.326,Apr 30 2022 12: +0
2465,1.317,Apr 30 2022 13: +0
2557,1.305,Apr 30 2022 14: +0
3097,1.32,Apr 30 2022 15: +0
3572,1.32,Apr 30 2022 16: +0
3110,1.328,Apr 30 2022 17: +0
3220,1.305,Apr 30 2022 18: +0
3662,1.305,Apr 30 2022 19: +0
3949,1.305,Apr 30 2022 20: +0
3787,1.3,Apr 30 2022 21: +0
3561,1.305,Apr 30 2022 22: +0
2614,1.303,Apr 30 2022 23: +0
2250,1.317,May 01 2022 00: +0
2281,1.389,May 01 2022 01: +0
1664,1.39,May 01 2022 02: +0
1868,1.39,May 01 2022 03: +0
1985,1.397,May 01 2022 04: +0
1746,1.39,May 01 2022 05: +0
1665,1.389,May 01 2022 06: +0
1654,1.379,May 01 2022 07: +0
1686,1.35,May 01 2022 08: +0
1918,1.33,May 01 2022 09: +0
1986,1.3,May 01 2022 10: +0
2413,1.31,May 01 2022 11: +0
2581,1.308,May 01 2022 12: +0
2723,1.31,May 01 2022 13: +0
3103,1.317,May 01 2022 14: +0
3263,1.307,May 01 2022 15: +0
3554,1.317,May 01 2022 16: +0
3786,1.33,May 01 2022 17: +0
3650,1.319,May 01 2022 18: +0
3926,1.305,May 01 2022 19: +0
4397,1.305,May 01 2022 20: +0
3688,1.295,May 01 2022 21: +0
3277,1.29,May 01 2022 22: +0
2524,1.295,May 01 2022 23: +0
2260,1.305,May 02 2022 00: +0
1992,1.33,May 02 2022 01: +0
2376,1.397,May 02 2022 02: +0
1881,1.392,May 02 2022 03: +0
2056,1.4,May 02 2022 04: +0
1335,1.39,May 02 2022 05: +0
963,1.316,May 02 2022 06: +0
1733,1.35,May 02 2022 07: +0
1861,1.357,May 02 2022 08: +0
1571,1.291,May 02 2022 09: +0
1952,1.291,May 02 2022 10: +0
2262,1.29,May 02 2022 11: +0
2345,1.29,May 02 2022 12: +0
2614,1.293,May 02 2022 13: +0
2505,1.292,May 02 2022 14: +0
3172,1.284,May 02 2022 15: +0
3361,1.305,May 02 2022 16: +0
3321,1.294,May 02 2022 17: +0
3493,1.284,May 02 2022 18: +0
3693,1.284,May 02 2022 19: +0
3338,1.28,May 02 2022 20: +0
3522,1.271,May 02 2022 21: +0
3048,1.28,May 02 2022 22: +0
2302,1.28,May 02 2022 23: +0
1881,1.282,May 03 2022 00: +0
1873,1.33,May 03 2022 01: +0
1708,1.347,May 03 2022 02: +0
1698,1.338,May 03 2022 03: +0
2132,1.387,May 03 2022 04: +0
1714,1.38,May 03 2022 05: +0
1487,1.37,May 03 2022 06: +0
1287,1.349,May 03 2022 07: +0
1487,1.33,May 03 2022 08: +0
1625,1.31,May 03 2022 09: +0
1802,1.282,May 03 2022 10: +0
2058,1.28,May 03 2022 11: +0
2311,1.28,May 03 2022 12: +0
2491,1.28,May 03 2022 13: +0
2544,1.271,May 03 2022 14: +0
3287,1.285,May 03 2022 15: +0
2785,1.277,May 03 2022 16: +0
3216,1.28,May 03 2022 17: +0
3210,1.27,May 03 2022 18: +0
3492,1.268,May 03 2022 19: +0
3349,1.26,May 03 2022 20: +0
3347,1.266,May 03 2022 21: +0
2803,1.267,May 03 2022 22: +0
2068,1.268,May 03 2022 23: +0
1451,1.286,May 04 2022 00: +0
1649,1.307,May 04 2022 01: +0
3085,1.279,May 04 2022 02: +0
2505,1.276,May 04 2022 03: +0
2257,1.28,May 04 2022 04: +0
2154,1.275,May 04 2022 05: +0
2030,1.27,May 04 2022 06: +0
2437,1.28,May 04 2022 07: +0
2198,1.27,May 04 2022 08: +0
2584,1.27,May 04 2022 09: +0
2816,1.267,May 04 2022 10: +0
2744,1.26,May 04 2022 11: +0
2763,1.24,May 04 2022 12: +0
3557,1.24,May 04 2022 13: +0
3490,1.251,May 04 2022 14: +0
3778,1.24,May 04 2022 15: +0
3888,1.241,May 04 2022 16: +0
4217,1.244,May 04 2022 17: +0
4240,1.24,May 04 2022 18: +0
4581,1.233,May 04 2022 19: +0
3818,1.227,May 04 2022 20: +0
3563,1.22,May 04 2022 21: +0
3205,1.219,May 04 2022 22: +0
2437,1.223,May 04 2022 23: +0
2329,1.244,May 05 2022 00: +0
2107,1.247,May 05 2022 01: +0
1497,1.24,May 05 2022 02: +0
2136,1.28,May 05 2022 03: +0
1832,1.27,May 05 2022 04: +0
1357,1.27,May 05 2022 05: +0
1779,1.289,May 05 2022 06: +0
1889,1.292,May 05 2022 07: +0
1681,1.286,May 05 2022 08: +0
1565,1.254,May 05 2022 09: +0
1664,1.261,May 05 2022 10: +0
1854,1.24,May 05 2022 11: +0
2064,1.237,May 05 2022 12: +0
2492,1.231,May 05 2022 13: +0
2574,1.22,May 05 2022 14: +0
3260,1.233,May 05 2022 15: +0
3451,1.223,May 05 2022 16: +0
3242,1.212,May 05 2022 17: +0
3491,1.21,May 05 2022 18: +0
4398,1.212,May 05 2022 19: +0
3939,1.18,May 05 2022 20: +0
3598,1.173,May 05 2022 21: +0
2957,1.18,May 05 2022 22: +0
2050,1.17,May 05 2022 23: +0
1729,1.18,May 06 2022 00: +0
1819,1.2,May 06 2022 01: +0
2280,1.26,May 06 2022 02: +0
1488,1.24,May 06 2022 03: +0
2015,1.27,May 06 2022 04: +0
1868,1.28,May 06 2022 05: +0
1557,1.28,May 06 2022 06: +0
1237,1.24,May 06 2022 07: +0
1854,1.269,May 06 2022 08: +0
1787,1.257,May 06 2022 09: +0
2169,1.262,May 06 2022 10: +0
2016,1.21,May 06 2022 11: +0
2104,1.19,May 06 2022 12: +0
2333,1.183,May 06 2022 13: +0
2474,1.171,May 06 2022 14: +0
3009,1.16,May 06 2022 15: +0
3458,1.21,May 06 2022 16: +0
3372,1.17,May 06 2022 17: +0
3322,1.161,May 06 2022 18: +0
3965,1.171,May 06 2022 19: +0
4339,1.18,May 06 2022 20: +0
4124,1.173,May 06 2022 21: +0
3891,1.163,May 06 2022 22: +0
3014,1.171,May 06 2022 23: +0
2623,1.203,May 07 2022 00: +0
1749,1.21,May 07 2022 01: +0
1644,1.24,May 07 2022 02: +0
2537,1.29,May 07 2022 03: +0
2293,1.29,May 07 2022 04: +0
2111,1.29,May 07 2022 05: +0
1947,1.292,May 07 2022 06: +0
1923,1.288,May 07 2022 07: +0
2193,1.27,May 07 2022 08: +0
2013,1.258,May 07 2022 09: +0
1997,1.216,May 07 2022 10: +0
2278,1.205,May 07 2022 11: +0
2494,1.173,May 07 2022 12: +0
2627,1.17,May 07 2022 13: +0
2680,1.175,May 07 2022 14: +0
3338,1.173,May 07 2022 15: +0
3020,1.17,May 07 2022 16: +0
3094,1.165,May 07 2022 17: +0
3412,1.174,May 07 2022 18: +0
3609,1.163,May 07 2022 19: +0
3805,1.139,May 07 2022 20: +0
3876,1.15,May 07 2022 21: +0
3424,1.152,May 07 2022 22: +0
2884,1.15,May 07 2022 23: +0
2839,1.152,May 08 2022 00: +0
2573,1.23,May 08 2022 01: +0
1667,1.237,May 08 2022 02: +0
1387,1.223,May 08 2022 03: +0
2332,1.266,May 08 2022 04: +0
2239,1.27,May 08 2022 05: +0
1919,1.27,May 08 2022 06: +0
1997,1.28,May 08 2022 07: +0
1674,1.203,May 08 2022 08: +0
2094,1.206,May 08 2022 09: +0
2073,1.175,May 08 2022 10: +0
2478,1.152,May 08 2022 11: +0
2412,1.142,May 08 2022 12: +0
2922,1.131,May 08 2022 13: +0
3529,1.161,May 08 2022 14: +0
3558,1.173,May 08 2022 15: +0
3440,1.171,May 08 2022 16: +0
3896,1.165,May 08 2022 17: +0
3722,1.15,May 08 2022 18: +0
4009,1.15,May 08 2022 19: +0
4142,1.12,May 08 2022 20: +0
3981,1.12,May 08 2022 21: +0
3273,1.12,May 08 2022 22: +0
2796,1.15,May 08 2022 23: +0
2337,1.163,May 09 2022 00: +0
1772,1.163,May 09 2022 01: +0
1564,1.181,May 09 2022 02: +0
1783,1.2,May 09 2022 03: +0
1927,1.23,May 09 2022 04: +0
1812,1.256,May 09 2022 05: +0
1297,1.233,May 09 2022 06: +0
1437,1.223,May 09 2022 07: +0
1508,1.21,May 09 2022 08: +0
1383,1.18,May 09 2022 09: +0
1866,1.174,May 09 2022 10: +0
2058,1.159,May 09 2022 11: +0
2116,1.157,May 09 2022 12: +0
2170,1.12,May 09 2022 13: +0
2592,1.14,May 09 2022 14: +0
3299,1.188,May 09 2022 15: +0
2929,1.162,May 09 2022 16: +0
2729,1.152,May 09 2022 17: +0
3123,1.141,May 09 2022 18: +0
3764,1.15,May 09 2022 19: +0
3596,1.141,May 09 2022 20: +0
3558,1.145,May 09 2022 21: +0
3318,1.138,May 09 2022 22: +0
2712,1.16,May 09 2022 23: +0
2110,1.16,May 10 2022 00: +0
1677,1.17,May 10 2022 01: +0
1426,1.181,May 10 2022 02: +0
1626,1.22,May 10 2022 03: +0
2026,1.24,May 10 2022 04: +0
1398,1.24,May 10 2022 05: +0
1350,1.21,May 10 2022 06: +0
,1.21,May 10 2022 07:00:26
,1.12,May 17 2022 00:03:12
,1.16,May 17 2022 00:28:41
,1.16,May 17 2022 00:30:56
,1.19,May 17 2022 02:48:24
,1.19,May 17 2022 03:00:59
,1.19,May 17 2022 03:04:27
,1.19,May 17 2022 03:05:27
,1.19,May 17 2022 03:05:48
,1.22,May 17 2022 04:29:57
1578,1.24,May 10 2022 07: +0
1395,1.21,May 10 2022 08: +0
1665,1.207,May 10 2022 09: +0
1557,1.15,May 10 2022 10: +0
2206,1.163,May 10 2022 11: +0
2460,1.17,May 10 2022 12: +0
2430,1.16,May 10 2022 13: +0
2818,1.143,May 10 2022 14: +0
2764,1.149,May 10 2022 15: +0
3046,1.147,May 10 2022 16: +0
3297,1.138,May 10 2022 17: +0
3901,1.13,May 10 2022 18: +0
3769,1.12,May 10 2022 19: +0
4442,1.127,May 10 2022 20: +0
3700,1.12,May 10 2022 21: +0
2872,1.119,May 10 2022 22: +0
2242,1.116,May 10 2022 23: +0
1513,1.12,May 11 2022 00: +0
1770,1.144,May 11 2022 01: +0
1625,1.15,May 11 2022 02: +0
1555,1.175,May 11 2022 03: +0
1807,1.22,May 11 2022 04: +0
1915,1.22,May 11 2022 05: +0
1445,1.22,May 11 2022 06: +0
1486,1.215,May 11 2022 07: +0
1487,1.2,May 11 2022 08: +0
1546,1.2,May 11 2022 09: +0
1759,1.16,May 11 2022 10: +0
1670,1.15,May 11 2022 11: +0
2068,1.143,May 11 2022 12: +0
2540,1.144,May 11 2022 13: +0
2493,1.143,May 11 2022 14: +0
2932,1.15,May 11 2022 15: +0
3099,1.15,May 11 2022 16: +0
3172,1.14,May 11 2022 17: +0
3487,1.13,May 11 2022 18: +0
3950,1.129,May 11 2022 19: +0
4303,1.12,May 11 2022 20: +0
3815,1.13,May 11 2022 21: +0
3011,1.13,May 11 2022 22: +0
2156,1.13,May 11 2022 23: +0
1748,1.13,May 12 2022 00: +0
1879,1.18,May 12 2022 01: +0
1314,1.18,May 12 2022 02: +0
1693,1.22,May 12 2022 03: +0
1523,1.22,May 12 2022 04: +0
1469,1.225,May 12 2022 05: +0
1237,1.21,May 12 2022 06: +0
2638,1.259,May 12 2022 07: +0
1807,1.256,May 12 2022 08: +0
1364,1.198,May 12 2022 09: +0
1329,1.178,May 12 2022 10: +0
1695,1.18,May 12 2022 11: +0
2428,1.2,May 12 2022 12: +0
2194,1.155,May 12 2022 13: +0
2337,1.15,May 12 2022 14: +0
2818,1.151,May 12 2022 15: +0
3172,1.173,May 12 2022 16: +0
3391,1.172,May 12 2022 17: +0
3848,1.174,May 12 2022 18: +0
3565,1.14,May 12 2022 19: +0
4067,1.13,May 12 2022 20: +0
3767,1.12,May 12 2022 21: +0
3454,1.164,May 12 2022 22: +0
2446,1.16,May 12 2022 23: +0
1700,1.166,May 13 2022 00: +0
1469,1.2,May 13 2022 01: +0
1509,1.227,May 13 2022 02: +0
1387,1.22,May 13 2022 03: +0
1309,1.22,May 13 2022 04: +0
1811,1.259,May 13 2022 05: +0
1770,1.26,May 13 2022 06: +0
1496,1.261,May 13 2022 07: +0
1578,1.252,May 13 2022 08: +0
1662,1.226,May 13 2022 09: +0
1372,1.195,May 13 2022 10: +0
2064,1.22,May 13 2022 11: +0
2073,1.226,May 13 2022 12: +0
2202,1.179,May 13 2022 13: +0
2368,1.161,May 13 2022 14: +0
2980,1.172,May 13 2022 15: +0
2871,1.149,May 13 2022 16: +0
3480,1.155,May 13 2022 17: +0
3463,1.17,May 13 2022 18: +0
3878,1.18,May 13 2022 19: +0
4427,1.155,May 13 2022 20: +0
3552,1.144,May 13 2022 21: +0
3369,1.144,May 13 2022 22: +0
2940,1.155,May 13 2022 23: +0
2348,1.17,May 14 2022 00: +0
2113,1.209,May 14 2022 01: +0
1892,1.213,May 14 2022 02: +0
2008,1.24,May 14 2022 03: +0
2038,1.253,May 14 2022 04: +0
2151,1.267,May 14 2022 05: +0
1432,1.24,May 14 2022 06: +0
1642,1.259,May 14 2022 07: +0
1761,1.24,May 14 2022 08: +0
1463,1.189,May 14 2022 09: +0
2146,1.19,May 14 2022 10: +0
2087,1.155,May 14 2022 11: +0
2292,1.139,May 14 2022 12: +0
2654,1.139,May 14 2022 13: +0
3050,1.158,May 14 2022 14: +0
2776,1.16,May 14 2022 15: +0
3692,1.167,May 14 2022 16: +0
3531,1.15,May 14 2022 17: +0
3438,1.143,May 14 2022 18: +0
3572,1.139,May 14 2022 19: +0
3932,1.133,May 14 2022 20: +0
4228,1.139,May 14 2022 21: +0
3546,1.139,May 14 2022 22: +0
2830,1.144,May 14 2022 23: +0
2233,1.139,May 15 2022 00: +0
1924,1.16,May 15 2022 01: +0
1967,1.22,May 15 2022 02: +0
1859,1.23,May 15 2022 03: +0
1783,1.24,May 15 2022 04: +0
2565,1.265,May 15 2022 05: +0
2346,1.27,May 15 2022 06: +0
1667,1.255,May 15 2022 07: +0
1568,1.158,May 15 2022 08: +0
2008,1.15,May 15 2022 09: +0
2211,1.156,May 15 2022 10: +0
2432,1.16,May 15 2022 11: +0
2746,1.162,May 15 2022 12: +0
2603,1.139,May 15 2022 13: +0
3225,1.139,May 15 2022 14: +0
3375,1.141,May 15 2022 15: +0
3420,1.151,May 15 2022 16: +0
4162,1.149,May 15 2022 17: +0
3576,1.139,May 15 2022 18: +0
4072,1.12,May 15 2022 19: +0
4186,1.126,May 15 2022 20: +0
3877,1.119,May 15 2022 21: +0
3343,1.15,May 15 2022 22: +0
2205,1.128,May 15 2022 23: +0
1851,1.12,May 16 2022 00: +0
1650,1.15,May 16 2022 01: +0
1429,1.12,May 16 2022 02: +0
1650,1.167,May 16 2022 03: +0
1856,1.24,May 16 2022 04: +0
2363,1.26,May 16 2022 05: +0
1296,1.265,May 16 2022 06: +0
1634,1.246,May 16 2022 07: +0
1305,1.233,May 16 2022 08: +0
1648,1.206,May 16 2022 09: +0
1534,1.223,May 16 2022 10: +0
1883,1.224,May 16 2022 11: +0
1917,1.178,May 16 2022 12: +0
2061,1.161,May 16 2022 13: +0
2395,1.18,May 16 2022 14: +0
2487,1.144,May 16 2022 15: +0
3081,1.15,May 16 2022 16: +0
2857,1.145,May 16 2022 17: +0
3413,1.139,May 16 2022 18: +0
3498,1.12,May 16 2022 19: +0
3956,1.12,May 16 2022 20: +0
3690,1.125,May 16 2022 21: +0
2801,1.135,May 16 2022 22: +0
1965,1.12,May 16 2022 23: +0
1922,1.152,May 17 2022 00: +0
1846,1.16,May 17 2022 01: +0
1586,1.183,May 17 2022 02: +0
1745,1.198,May 17 2022 03: +0
1452,1.22,May 17 2022 04: +0
,1.22,May 17 2022 04:30:17
,1.22,May 17 2022 05:02:42
,1.22,May 17 2022 05:04:07
,1.22,May 17 2022 05:04:40
1812,1.26,May 17 2022 05: +0
1594,1.26,May 17 2022 06: +0
1090,1.211,May 17 2022 07: +0
1311,1.2,May 17 2022 08: +0
1639,1.196,May 17 2022 09: +0
1393,1.17,May 17 2022 10: +0
1447,1.128,May 17 2022 11: +0
2050,1.135,May 17 2022 12: +0
2097,1.135,May 17 2022 13: +0
2679,1.137,May 17 2022 14: +0
2900,1.15,May 17 2022 15: +0
3345,1.138,May 17 2022 16: +0
3283,1.128,May 17 2022 17: +0
3780,1.137,May 17 2022 18: +0
3936,1.137,May 17 2022 19: +0
4024,1.11,May 17 2022 20: +0
3891,1.12,May 17 2022 21: +0
3174,1.126,May 17 2022 22: +0
2579,1.126,May 17 2022 23: +0
1613,1.168,May 18 2022 00: +0
1894,1.22,May 18 2022 01: +0
1560,1.24,May 18 2022 02: +0
1756,1.24,May 18 2022 03: +0
1225,1.22,May 18 2022 04: +0
2282,1.26,May 18 2022 05: +0
1545,1.24,May 18 2022 06: +0
1431,1.229,May 18 2022 07: +0
1776,1.268,May 18 2022 08: +0
1223,1.192,May 18 2022 09: +0
1225,1.166,May 18 2022 10: +0
1759,1.168,May 18 2022 11: +0
1951,1.158,May 18 2022 12: +0
2236,1.158,May 18 2022 13: +0
2652,1.133,May 18 2022 14: +0
2839,1.126,May 18 2022 15: +0
3269,1.149,May 18 2022 16: +0
3723,1.126,May 18 2022 17: +0
4001,1.126,May 18 2022 18: +0
3971,1.126,May 18 2022 19: +0
4475,1.136,May 18 2022 20: +0
3800,1.11,May 18 2022 21: +0
3237,1.12,May 18 2022 22: +0
2467,1.12,May 18 2022 23: +0
2306,1.15,May 19 2022 00: +0
1804,1.17,May 19 2022 01: +0
1587,1.16,May 19 2022 02: +0
2334,1.23,May 19 2022 03: +0
1517,1.23,May 19 2022 04: +0
1388,1.23,May 19 2022 05: +0
1292,1.22,May 19 2022 06: +0
1338,1.203,May 19 2022 07: +0
1287,1.205,May 19 2022 08: +0
1417,1.167,May 19 2022 09: +0
1669,1.16,May 19 2022 10: +0
1864,1.142,May 19 2022 11: +0
2213,1.141,May 19 2022 12: +0
2455,1.145,May 19 2022 13: +0
2762,1.15,May 19 2022 14: +0
2684,1.136,May 19 2022 15: +0
2836,1.146,May 19 2022 16: +0
3255,1.16,May 19 2022 17: +0
3243,1.136,May 19 2022 18: +0
3930,1.146,May 19 2022 19: +0
3951,1.136,May 19 2022 20: +0
3293,1.12,May 19 2022 21: +0
3193,1.118,May 19 2022 22: +0
2521,1.116,May 19 2022 23: +0
2113,1.146,May 20 2022 00: +0
1952,1.15,May 20 2022 01: +0
1855,1.2,May 20 2022 02: +0
1720,1.2,May 20 2022 03: +0
1657,1.23,May 20 2022 04: +0
1968,1.22,May 20 2022 05: +0
1928,1.22,May 20 2022 06: +0
1494,1.23,May 20 2022 07: +0
1431,1.19,May 20 2022 08: +0
1513,1.15,May 20 2022 09: +0
1686,1.149,May 20 2022 10: +0
2082,1.128,May 20 2022 11: +0
1850,1.15,May 20 2022 12: +0
2406,1.128,May 20 2022 13: +0
2579,1.12,May 20 2022 14: +0
2722,1.118,May 20 2022 15: +0
2949,1.12,May 20 2022 16: +0
3743,1.147,May 20 2022 17: +0
3609,1.128,May 20 2022 18: +0
3779,1.118,May 20 2022 19: +0
3952,1.11,May 20 2022 20: +0
4033,1.119,May 20 2022 21: +0
3556,1.116,May 20 2022 22: +0
3131,1.114,May 20 2022 23: +0
2397,1.12,May 21 2022 00: +0
2466,1.182,May 21 2022 01: +0
1947,1.18,May 21 2022 02: +0
2518,1.22,May 21 2022 03: +0
2420,1.22,May 21 2022 04: +0
1898,1.212,May 21 2022 05: +0
1957,1.23,May 21 2022 06: +0
1910,1.23,May 21 2022 07: +0
2525,1.22,May 21 2022 08: +0
1797,1.182,May 21 2022 09: +0
2212,1.147,May 21 2022 10: +0
2490,1.129,May 21 2022 11: +0
2671,1.11,May 21 2022 12: +0
2961,1.119,May 21 2022 13: +0
3364,1.11,May 21 2022 14: +0
3236,1.129,May 21 2022 15: +0
3474,1.129,May 21 2022 16: +0
3488,1.131,May 21 2022 17: +0
3636,1.125,May 21 2022 18: +0
4015,1.11,May 21 2022 19: +0
4019,1.11,May 21 2022 20: +0
3973,1.1,May 21 2022 21: +0
4191,1.108,May 21 2022 22: +0
3183,1.108,May 21 2022 23: +0
2643,1.119,May 22 2022 00: +0
2000,1.15,May 22 2022 01: +0
2669,1.208,May 22 2022 02: +0
2102,1.204,May 22 2022 03: +0
1713,1.202,May 22 2022 04: +0
2293,1.22,May 22 2022 05: +0
1745,1.21,May 22 2022 06: +0
1880,1.2,May 22 2022 07: +0
1591,1.182,May 22 2022 08: +0
1974,1.134,May 22 2022 09: +0
2219,1.11,May 22 2022 10: +0
2998,1.108,May 22 2022 11: +0
3086,1.116,May 22 2022 12: +0
3371,1.11,May 22 2022 13: +0
3606,1.129,May 22 2022 14: +0
3955,1.129,May 22 2022 15: +0
4213,1.129,May 22 2022 16: +0
3596,1.108,May 22 2022 17: +0
4022,1.108,May 22 2022 18: +0
3860,1.11,May 22 2022 19: +0
4009,1.108,May 22 2022 20: +0
4173,1.108,May 22 2022 21: +0
4127,1.108,May 22 2022 22: +0
3114,1.11,May 22 2022 23: +0
2157,1.11,May 23 2022 00: +0
1698,1.116,May 23 2022 01: +0
2271,1.2,May 23 2022 02: +0
1788,1.2,May 23 2022 03: +0
1646,1.2,May 23 2022 04: +0
,1.20,May 23 2022 04:59:37
,1.20,May 23 2022 05:02:05
1797,1.21,May 23 2022 05: +0
,1.21,May 23 2022 05:33:45
,1.21,May 23 2022 05:35:01
,1.21,May 23 2022 05:36:06
