,1.31,May 22 2022 04:24:20
,1.31,May 22 2022 04:34:13
2055,4.304,Nov 18 2019 01: +0
263089,1.473,Nov 19 2019 01: +0
117090,1.462,Nov 20 2019 01: +0
78466,1.53,Nov 21 2019 01: +0
69147,1.502,Nov 22 2019 01: +0
60552,1.501,Nov 23 2019 01: +0
49755,1.542,Nov 24 2019 01: +0
35983,1.732,Nov 25 2019 01: +0
53929,1.598,Nov 26 2019 01: +0
131507,0.928,Nov 27 2019 01: +0
69923,0.983,Nov 28 2019 01: +0
59022,1.176,Nov 29 2019 01: +0
46878,1.257,Nov 30 2019 01: +0
39549,1.18,Dec 01 2019 01: +0
32320,1.115,Dec 02 2019 01: +0
33805,1.056,Dec 03 2019 01: +0
35784,1.07,Dec 04 2019 01: +0
34671,1.016,Dec 05 2019 01: +0
31499,1.091,Dec 06 2019 01: +0
33439,1.074,Dec 07 2019 01: +0
29101,1.063,Dec 08 2019 01: +0
24105,1.044,Dec 09 2019 01: +0
24898,0.996,Dec 10 2019 01: +0
28134,0.957,Dec 11 2019 01: +0
24498,0.994,Dec 12 2019 01: +0
26750,1.073,Dec 13 2019 01: +0
25654,1.136,Dec 14 2019 01: +0
23704,1.115,Dec 15 2019 01: +0
20636,1.091,Dec 16 2019 01: +0
31543,1.002,Dec 17 2019 01: +0
69863,0.659,Dec 18 2019 01: +0
43522,0.666,Dec 19 2019 01: +0
39292,0.695,Dec 20 2019 01: +0
36203,0.758,Dec 21 2019 01: +0
32157,0.763,Dec 22 2019 01: +0
30738,0.811,Dec 23 2019 01: +0
32315,0.847,Dec 24 2019 01: +0
69971,0.755,Dec 25 2019 01: +0
47117,0.777,Dec 26 2019 01: +0
41551,0.746,Dec 27 2019 01: +0
37408,0.76,Dec 28 2019 01: +0
32254,0.787,Dec 29 2019 01: +0
33683,0.844,Dec 30 2019 01: +0
28889,0.905,Dec 31 2019 01: +0
36262,0.876,Jan 01 2020 01: +0
34176,0.849,Jan 02 2020 01: +0
32577,0.873,Jan 03 2020 01: +0
29421,0.92,Jan 04 2020 01: +0
26532,0.916,Jan 05 2020 01: +0
22892,0.908,Jan 06 2020 01: +0
22780,0.887,Jan 07 2020 01: +0
28540,0.837,Jan 08 2020 01: +0
25831,0.864,Jan 09 2020 01: +0
27389,0.863,Jan 10 2020 01: +0
29212,0.85,Jan 11 2020 01: +0
26162,0.852,Jan 12 2020 01: +0
21894,0.857,Jan 13 2020 01: +0
27713,0.838,Jan 14 2020 01: +0
71627,0.689,Jan 15 2020 01: +0
42397,0.687,Jan 16 2020 01: +0
37036,0.72,Jan 17 2020 01: +0
35200,0.745,Jan 18 2020 01: +0
32717,0.761,Jan 19 2020 01: +0
26007,0.75,Jan 20 2020 01: +0
30013,0.731,Jan 21 2020 01: +0
63342,0.664,Jan 22 2020 01: +0
45083,0.667,Jan 23 2020 01: +0
43953,0.685,Jan 24 2020 01: +0
41719,0.695,Jan 25 2020 01: +0
35149,0.693,Jan 26 2020 01: +0
27683,0.689,Jan 27 2020 01: +0
28214,0.698,Jan 28 2020 01: +0
34565,0.713,Jan 29 2020 01: +0
26552,0.734,Jan 30 2020 01: +0
33772,0.772,Jan 31 2020 01: +0
36756,0.8,Feb 01 2020 01: +0
31830,0.802,Feb 02 2020 01: +0
28035,0.823,Feb 03 2020 01: +0
32733,0.867,Feb 04 2020 01: +0
33192,0.869,Feb 05 2020 01: +0
30233,0.869,Feb 06 2020 01: +0
64651,0.745,Feb 07 2020 01: +0
61714,0.728,Feb 08 2020 01: +0
54015,0.702,Feb 09 2020 01: +0
43302,0.686,Feb 10 2020 01: +0
45464,0.672,Feb 11 2020 01: +0
84103,0.663,Feb 12 2020 01: +0
61945,0.701,Feb 13 2020 01: +0
55876,0.75,Feb 14 2020 01: +0
58739,0.755,Feb 15 2020 01: +0
52680,0.718,Feb 16 2020 01: +0
42503,0.708,Feb 17 2020 01: +0
39526,0.691,Feb 18 2020 01: +0
57605,0.683,Feb 19 2020 01: +0
46761,0.674,Feb 20 2020 01: +0
46852,0.683,Feb 21 2020 01: +0
48153,0.68,Feb 22 2020 01: +0
48898,0.675,Feb 23 2020 01: +0
46030,0.684,Feb 24 2020 01: +0
71009,0.715,Feb 25 2020 01: +0
135620,0.775,Feb 26 2020 01: +0
123736,0.941,Feb 27 2020 01: +0
96230,1.157,Feb 28 2020 01: +0
78891,1.104,Feb 29 2020 01: +0
70722,0.984,Mar 01 2020 01: +0
54619,0.944,Mar 02 2020 01: +0
57198,0.894,Mar 03 2020 01: +0
81919,0.897,Mar 04 2020 01: +0
70552,0.82,Mar 05 2020 01: +0
63850,0.847,Mar 06 2020 01: +0
66423,0.857,Mar 07 2020 01: +0
61567,0.843,Mar 08 2020 01: +0
65784,0.861,Mar 09 2020 01: +0
49467,0.902,Mar 10 2020 01: +0
46697,0.872,Mar 11 2020 01: +0
48276,0.861,Mar 12 2020 01: +0
50848,0.823,Mar 13 2020 01: +0
57887,0.788,Mar 14 2020 01: +0
60899,0.73,Mar 15 2020 01: +0
53186,0.687,Mar 16 2020 01: +0
49678,0.69,Mar 17 2020 01: +0
47635,0.708,Mar 18 2020 01: +0
44914,0.719,Mar 19 2020 01: +0
46603,0.714,Mar 20 2020 01: +0
47193,0.742,Mar 21 2020 01: +0
50710,0.783,Mar 22 2020 01: +0
50446,0.812,Mar 23 2020 01: +0
40219,0.793,Mar 24 2020 01: +0
47482,0.763,Mar 25 2020 01: +0
43293,0.758,Mar 26 2020 01: +0
48091,0.811,Mar 27 2020 01: +0
46213,0.854,Mar 28 2020 01: +0
54027,0.84,Mar 29 2020 01: +0
96674,0.765,Mar 30 2020 01: +0
85460,0.75,Mar 31 2020 01: +0
231520,1.201,Apr 01 2020 01: +0
61165,1.158,Apr 02 2020 01: +0
56026,1.023,Apr 03 2020 01: +0
81330,1.161,Apr 04 2020 01: +0
40672,1.16,Apr 05 2020 01: +0
33190,1.099,Apr 06 2020 01: +0
35270,1.044,Apr 07 2020 01: +0
31477,1.019,Apr 08 2020 01: +0
33262,1.006,Apr 09 2020 01: +0
29633,0.994,Apr 10 2020 01: +0
33283,0.945,Apr 11 2020 01: +0
26574,0.941,Apr 12 2020 01: +0
25233,0.955,Apr 13 2020 01: +0
37852,1.042,Apr 14 2020 01: +0
31003,1.11,Apr 15 2020 01: +0
23220,1.089,Apr 16 2020 01: +0
23418,1.051,Apr 17 2020 01: +0
21774,1.061,Apr 18 2020 01: +0
19615,1.052,Apr 19 2020 01: +0
17740,1.026,Apr 20 2020 01: +0
17067,0.99,Apr 21 2020 01: +0
17087,0.976,Apr 22 2020 01: +0
16373,0.945,Apr 23 2020 01: +0
16677,0.919,Apr 24 2020 01: +0
15716,0.957,Apr 25 2020 01: +0
16496,0.956,Apr 26 2020 01: +0
15418,0.925,Apr 27 2020 01: +0
16356,0.927,Apr 28 2020 01: +0
16541,0.955,Apr 29 2020 01: +0
17514,0.973,Apr 30 2020 01: +0
22989,1.016,May 01 2020 01: +0
18824,1.052,May 02 2020 01: +0
15625,1.05,May 03 2020 01: +0
13703,1.029,May 04 2020 01: +0
13804,1.027,May 05 2020 01: +0
14205,1.04,May 06 2020 01: +0
19304,1.064,May 07 2020 01: +0
27782,1.127,May 08 2020 01: +0
24723,1.181,May 09 2020 01: +0
35946,1.244,May 10 2020 01: +0
42711,1.342,May 11 2020 01: +0
28666,1.396,May 12 2020 01: +0
21199,1.347,May 13 2020 01: +0
19116,1.375,May 14 2020 01: +0
25699,1.441,May 15 2020 01: +0
53447,1.728,May 16 2020 01: +0
28998,1.824,May 17 2020 01: +0
20099,1.736,May 18 2020 01: +0
18367,1.637,May 19 2020 01: +0
15721,1.711,May 20 2020 01: +0
14511,1.759,May 21 2020 01: +0
13893,1.712,May 22 2020 01: +0
13962,1.667,May 23 2020 01: +0
14123,1.647,May 24 2020 01: +0
18635,1.526,May 25 2020 01: +0
23711,1.455,May 26 2020 01: +0
13839,1.51,May 27 2020 01: +0
12301,1.562,May 28 2020 01: +0
13610,1.6,May 29 2020 01: +0
11675,1.632,May 30 2020 01: +0
11485,1.635,May 31 2020 01: +0
9665,1.627,Jun 01 2020 01: +0
9257,1.588,Jun 02 2020 01: +0
9369,1.556,Jun 03 2020 01: +0
9751,1.58,Jun 04 2020 01: +0
9639,1.548,Jun 05 2020 01: +0
9237,1.546,Jun 06 2020 01: +0
8975,1.521,Jun 07 2020 01: +0
11725,1.474,Jun 08 2020 01: +0
8703,1.482,Jun 09 2020 01: +0
8499,1.479,Jun 10 2020 01: +0
7558,1.504,Jun 11 2020 01: +0
8174,1.467,Jun 12 2020 01: +0
7666,1.466,Jun 13 2020 01: +0
7679,1.458,Jun 14 2020 01: +0
8052,1.455,Jun 15 2020 01: +0
9076,1.445,Jun 16 2020 01: +0
9908,1.436,Jun 17 2020 01: +0
9110,1.453,Jun 18 2020 01: +0
8883,1.431,Jun 19 2020 01: +0
8316,1.433,Jun 20 2020 01: +0
9071,1.417,Jun 21 2020 01: +0
7500,1.414,Jun 22 2020 01: +0
9551,1.388,Jun 23 2020 01: +0
14371,1.334,Jun 24 2020 01: +0
18338,1.31,Jun 25 2020 01: +0
22660,1.461,Jun 26 2020 01: +0
13891,1.549,Jun 27 2020 01: +0
10869,1.531,Jun 28 2020 01: +0
10378,1.534,Jun 29 2020 01: +0
12064,1.556,Jun 30 2020 01: +0
10206,1.588,Jul 01 2020 01: +0
9922,1.598,Jul 02 2020 01: +0
10643,1.556,Jul 03 2020 01: +0
7995,1.565,Jul 04 2020 01: +0
8046,1.568,Jul 05 2020 01: +0
9576,1.566,Jul 06 2020 01: +0
8717,1.595,Jul 07 2020 01: +0
8291,1.604,Jul 08 2020 01: +0
8431,1.603,Jul 09 2020 01: +0
9360,1.68,Jul 10 2020 01: +0
10722,1.829,Jul 11 2020 01: +0
9618,1.896,Jul 12 2020 01: +0
9222,1.909,Jul 13 2020 01: +0
9595,1.93,Jul 14 2020 01: +0
17239,2.1,Jul 15 2020 01: +0
11996,2.217,Jul 16 2020 01: +0
10822,2.262,Jul 17 2020 01: +0
22640,2.495,Jul 18 2020 01: +0
26101,2.821,Jul 19 2020 01: +0
23154,3.133,Jul 20 2020 01: +0
13670,2.864,Jul 21 2020 01: +0
9234,2.814,Jul 22 2020 01: +0
6391,2.752,Jul 23 2020 01: +0
7225,2.793,Jul 24 2020 01: +0
6668,2.855,Jul 25 2020 01: +0
6815,2.748,Jul 26 2020 01: +0
6520,2.723,Jul 27 2020 01: +0
5931,2.687,Jul 28 2020 01: +0
6813,2.57,Jul 29 2020 01: +0
5601,2.579,Jul 30 2020 01: +0
5698,2.661,Jul 31 2020 01: +0
5185,2.642,Aug 01 2020 01: +0
5400,2.621,Aug 02 2020 01: +0
4344,2.569,Aug 03 2020 01: +0
5981,2.582,Aug 04 2020 01: +0
4402,2.582,Aug 05 2020 01: +0
5091,2.611,Aug 06 2020 01: +0
100328,2.043,Aug 07 2020 01: +0
23607,2.008,Aug 08 2020 01: +0
29632,1.865,Aug 09 2020 01: +0
19632,1.805,Aug 10 2020 01: +0
19871,1.711,Aug 11 2020 01: +0
23608,1.789,Aug 12 2020 01: +0
9549,1.973,Aug 13 2020 01: +0
8949,1.912,Aug 14 2020 01: +0
9411,1.815,Aug 15 2020 01: +0
9123,1.804,Aug 16 2020 01: +0
7307,1.745,Aug 17 2020 01: +0
7957,1.727,Aug 18 2020 01: +0
8999,1.701,Aug 19 2020 01: +0
9913,1.654,Aug 20 2020 01: +0
11213,1.58,Aug 21 2020 01: +0
7540,1.635,Aug 22 2020 01: +0
6677,1.648,Aug 23 2020 01: +0
6316,1.608,Aug 24 2020 01: +0
8016,1.597,Aug 25 2020 01: +0
6783,1.562,Aug 26 2020 01: +0
7869,1.509,Aug 27 2020 01: +0
6998,1.506,Aug 28 2020 01: +0
8282,1.528,Aug 29 2020 01: +0
9775,1.571,Aug 30 2020 01: +0
9570,1.712,Aug 31 2020 01: +0
5511,1.758,Sep 01 2020 01: +0
4525,1.705,Sep 02 2020 01: +0
3918,1.661,Sep 03 2020 01: +0
4815,1.627,Sep 04 2020 01: +0
5939,1.578,Sep 05 2020 01: +0
5426,1.558,Sep 06 2020 01: +0
6034,1.568,Sep 07 2020 01: +0
4440,1.548,Sep 08 2020 01: +0
11022,1.573,Sep 09 2020 01: +0
5670,1.623,Sep 10 2020 01: +0
5497,1.658,Sep 11 2020 01: +0
6032,1.59,Sep 12 2020 01: +0
5973,1.54,Sep 13 2020 01: +0
5356,1.527,Sep 14 2020 01: +0
4551,1.518,Sep 15 2020 01: +0
4636,1.523,Sep 16 2020 01: +0
5483,1.52,Sep 17 2020 01: +0
5980,1.515,Sep 18 2020 01: +0
6271,1.505,Sep 19 2020 01: +0
6637,1.498,Sep 20 2020 01: +0
5247,1.498,Sep 21 2020 01: +0
4883,1.475,Sep 22 2020 01: +0
4800,1.426,Sep 23 2020 01: +0
6924,1.398,Sep 24 2020 01: +0
5993,1.376,Sep 25 2020 01: +0
5434,1.375,Sep 26 2020 01: +0
4961,1.368,Sep 27 2020 01: +0
5648,1.357,Sep 28 2020 01: +0
9256,1.261,Sep 29 2020 01: +0
10248,1.206,Sep 30 2020 01: +0
7004,1.321,Oct 01 2020 01: +0
5948,1.359,Oct 02 2020 01: +0
4678,1.297,Oct 03 2020 01: +0
6848,1.245,Oct 04 2020 01: +0
5710,1.234,Oct 05 2020 01: +0
4810,1.228,Oct 06 2020 01: +0
6836,1.232,Oct 07 2020 01: +0
5390,1.268,Oct 08 2020 01: +0
4791,1.279,Oct 09 2020 01: +0
3790,1.273,Oct 10 2020 01: +0
4800,1.274,Oct 11 2020 01: +0
3840,1.284,Oct 12 2020 01: +0
3723,1.295,Oct 13 2020 01: +0
6442,1.337,Oct 14 2020 01: +0
4364,1.4,Oct 15 2020 01: +0
4569,1.393,Oct 16 2020 01: +0
4872,1.412,Oct 17 2020 01: +0
4478,1.425,Oct 18 2020 01: +0
4975,1.435,Oct 19 2020 01: +0
3462,1.428,Oct 20 2020 01: +0
4056,1.442,Oct 21 2020 01: +0
4207,1.451,Oct 22 2020 01: +0
3514,1.456,Oct 23 2020 01: +0
5391,1.511,Oct 24 2020 01: +0
8072,1.674,Oct 25 2020 01: +0
4321,1.672,Oct 26 2020 01: +0
3800,1.601,Oct 27 2020 01: +0
3733,1.599,Oct 28 2020 01: +0
4311,1.578,Oct 29 2020 01: +0
4712,1.538,Oct 30 2020 01: +0
4247,1.48,Oct 31 2020 01: +0
4287,1.483,Nov 01 2020 01: +0
4619,1.518,Nov 02 2020 01: +0
3835,1.521,Nov 03 2020 01: +0
3247,1.509,Nov 04 2020 01: +0
3266,1.483,Nov 05 2020 01: +0
4170,1.48,Nov 06 2020 01: +0
8064,1.375,Nov 07 2020 01: +0
6135,1.336,Nov 08 2020 01: +0
8854,1.302,Nov 09 2020 01: +0
4521,1.353,Nov 10 2020 01: +0
5362,1.326,Nov 11 2020 01: +0
3914,1.302,Nov 12 2020 01: +0
5199,1.296,Nov 13 2020 01: +0
4935,1.282,Nov 14 2020 01: +0
6690,1.281,Nov 15 2020 01: +0
5338,1.252,Nov 16 2020 01: +0
5439,1.252,Nov 17 2020 01: +0
5533,1.236,Nov 18 2020 01: +0
4780,1.26,Nov 19 2020 01: +0
4801,1.302,Nov 20 2020 01: +0
4900,1.349,Nov 21 2020 01: +0
3823,1.366,Nov 22 2020 01: +0
4538,1.332,Nov 23 2020 01: +0
3489,1.322,Nov 24 2020 01: +0
3542,1.283,Nov 25 2020 01: +0
5868,1.264,Nov 26 2020 01: +0
6503,1.268,Nov 27 2020 01: +0
4301,1.255,Nov 28 2020 01: +0
4716,1.274,Nov 29 2020 01: +0
4560,1.266,Nov 30 2020 01: +0
4888,1.27,Dec 01 2020 01: +0
3695,1.283,Dec 02 2020 01: +0
14932,1.28,Dec 03 2020 01: +0
37384,1.09,Dec 04 2020 01: +0
13109,1.094,Dec 05 2020 01: +0
9926,1.069,Dec 06 2020 01: +0
6661,1.064,Dec 07 2020 01: +0
5384,1.048,Dec 08 2020 01: +0
6821,1.026,Dec 09 2020 01: +0
5397,1.017,Dec 10 2020 01: +0
6322,1.028,Dec 11 2020 01: +0
5741,1.047,Dec 12 2020 01: +0
6866,1.035,Dec 13 2020 01: +0
3113,1.026,Dec 14 2020 01: +0
4432,1.031,Dec 15 2020 01: +0
3825,1.042,Dec 16 2020 01: +0
3971,1.046,Dec 17 2020 01: +0
6785,1.035,Dec 18 2020 01: +0
4256,1.035,Dec 19 2020 01: +0
4769,1.037,Dec 20 2020 01: +0
4409,1.051,Dec 21 2020 01: +0
5917,1.106,Dec 22 2020 01: +0
6210,1.181,Dec 23 2020 01: +0
4430,1.153,Dec 24 2020 01: +0
4774,1.192,Dec 25 2020 01: +0
4293,1.236,Dec 26 2020 01: +0
2859,1.234,Dec 27 2020 01: +0
3992,1.256,Dec 28 2020 01: +0
2810,1.226,Dec 29 2020 01: +0
4529,1.232,Dec 30 2020 01: +0
3404,1.21,Dec 31 2020 01: +0
4405,1.229,Jan 01 2021 01: +0
4993,1.305,Jan 02 2021 01: +0
3873,1.276,Jan 03 2021 01: +0
3847,1.272,Jan 04 2021 01: +0
5590,1.284,Jan 05 2021 01: +0
3552,1.276,Jan 06 2021 01: +0
4535,1.263,Jan 07 2021 01: +0
3532,1.234,Jan 08 2021 01: +0
4819,1.268,Jan 09 2021 01: +0
2978,1.232,Jan 10 2021 01: +0
6404,1.228,Jan 11 2021 01: +0
3395,1.219,Jan 12 2021 01: +0
3190,1.207,Jan 13 2021 01: +0
3301,1.19,Jan 14 2021 01: +0
4217,1.194,Jan 15 2021 01: +0
4333,1.219,Jan 16 2021 01: +0
3407,1.202,Jan 17 2021 01: +0
4761,1.199,Jan 18 2021 01: +0
10356,1.229,Jan 19 2021 01: +0
3775,1.244,Jan 20 2021 01: +0
3212,1.229,Jan 21 2021 01: +0
4254,1.208,Jan 22 2021 01: +0
3836,1.217,Jan 23 2021 01: +0
3499,1.21,Jan 24 2021 01: +0
3431,1.194,Jan 25 2021 01: +0
3358,1.173,Jan 26 2021 01: +0
4864,1.161,Jan 27 2021 01: +0
11771,1.078,Jan 28 2021 01: +0
6769,1.107,Jan 29 2021 01: +0
6802,1.091,Jan 30 2021 01: +0
3562,1.103,Jan 31 2021 01: +0
4168,1.057,Feb 01 2021 01: +0
4587,1.053,Feb 02 2021 01: +0
3001,1.048,Feb 03 2021 01: +0
3946,1.014,Feb 04 2021 01: +0
4677,1.025,Feb 05 2021 01: +0
5287,1.024,Feb 06 2021 01: +0
5242,1.01,Feb 07 2021 01: +0
6249,1.02,Feb 08 2021 01: +0
4430,1.001,Feb 09 2021 01: +0
3577,1,Feb 10 2021 01: +0
4424,0.99,Feb 11 2021 01: +0
5603,0.977,Feb 12 2021 01: +0
4653,0.976,Feb 13 2021 01: +0
10304,0.947,Feb 14 2021 01: +0
7557,0.921,Feb 15 2021 01: +0
3809,0.94,Feb 16 2021 01: +0
3839,0.95,Feb 17 2021 01: +0
4557,0.957,Feb 18 2021 01: +0
3129,0.943,Feb 19 2021 01: +0
4666,0.931,Feb 20 2021 01: +0
4884,0.94,Feb 21 2021 01: +0
3151,0.94,Feb 22 2021 01: +0
4936,0.93,Feb 23 2021 01: +0
5648,0.946,Feb 24 2021 01: +0
10633,0.986,Feb 25 2021 01: +0
6102,1.105,Feb 26 2021 01: +0
5901,1.099,Feb 27 2021 01: +0
4656,1.075,Feb 28 2021 01: +0
3892,1.077,Mar 01 2021 01: +0
4388,1.068,Mar 02 2021 01: +0
5878,1.05,Mar 03 2021 01: +0
5220,1.048,Mar 04 2021 01: +0
5378,1.01,Mar 05 2021 01: +0
4989,1.023,Mar 06 2021 01: +0
4242,1.032,Mar 07 2021 01: +0
4261,1.052,Mar 08 2021 01: +0
3800,1.031,Mar 09 2021 01: +0
3703,1.039,Mar 10 2021 01: +0
6088,1.058,Mar 11 2021 01: +0
6286,1.057,Mar 12 2021 01: +0
4973,1.079,Mar 13 2021 01: +0
3973,1.053,Mar 14 2021 01: +0
5007,1.065,Mar 15 2021 01: +0
3469,1.057,Mar 16 2021 01: +0
4818,1.042,Mar 17 2021 01: +0
4005,1.035,Mar 18 2021 01: +0
5044,1.008,Mar 19 2021 01: +0
4028,1.016,Mar 20 2021 01: +0
3325,1.008,Mar 21 2021 01: +0
4163,1.007,Mar 22 2021 01: +0
3781,0.987,Mar 23 2021 01: +0
4409,0.981,Mar 24 2021 01: +0
4575,0.992,Mar 25 2021 01: +0
4557,1.005,Mar 26 2021 01: +0
3805,1.022,Mar 27 2021 01: +0
4249,1.022,Mar 28 2021 01: +0
3635,1.008,Mar 29 2021 01: +0
4621,1.007,Mar 30 2021 01: +0
5762,1.01,Mar 31 2021 01: +0
5515,1.019,Apr 01 2021 01: +0
5429,1.022,Apr 02 2021 01: +0
4666,1.036,Apr 03 2021 01: +0
4277,1.047,Apr 04 2021 01: +0
6778,1.085,Apr 05 2021 01: +0
4700,1.148,Apr 06 2021 01: +0
6355,0.998,Apr 07 2021 01: +0
8281,0.931,Apr 08 2021 01: +0
11421,0.922,Apr 09 2021 01: +0
6406,0.913,Apr 10 2021 01: +0
5565,0.919,Apr 11 2021 01: +0
5709,0.91,Apr 12 2021 01: +0
5401,0.909,Apr 13 2021 01: +0
2386,0.927,Apr 14 2021 01: +0
5086,0.931,Apr 15 2021 01: +0
4712,0.938,Apr 16 2021 01: +0
4376,0.954,Apr 17 2021 01: +0
4952,1.017,Apr 18 2021 01: +0
3959,1.03,Apr 19 2021 01: +0
3856,1.009,Apr 20 2021 01: +0
2664,0.983,Apr 21 2021 01: +0
4177,0.985,Apr 22 2021 01: +0
3753,1.015,Apr 23 2021 01: +0
2879,1.029,Apr 24 2021 01: +0
3087,1.028,Apr 25 2021 01: +0
2769,1.011,Apr 26 2021 01: +0
4180,1.006,Apr 27 2021 01: +0
2881,0.986,Apr 28 2021 01: +0
3749,0.995,Apr 29 2021 01: +0
4895,1.034,Apr 30 2021 01: +0
3816,1.079,May 01 2021 01: +0
4815,1.123,May 02 2021 01: +0
3293,1.162,May 03 2021 01: +0
4459,1.082,May 04 2021 01: +0
3546,1.125,May 05 2021 01: +0
3118,1.125,May 06 2021 01: +0
4564,1.071,May 07 2021 01: +0
3150,1.098,May 08 2021 01: +0
4169,1.113,May 09 2021 01: +0
3369,1.137,May 10 2021 01: +0
3901,1.155,May 11 2021 01: +0
3507,1.182,May 12 2021 01: +0
3580,1.188,May 13 2021 01: +0
2943,1.217,May 14 2021 01: +0
3454,1.237,May 15 2021 01: +0
3108,1.255,May 16 2021 01: +0
1991,1.247,May 17 2021 01: +0
2591,1.262,May 18 2021 01: +0
3755,1.314,May 19 2021 01: +0
3053,1.365,May 20 2021 01: +0
2732,1.356,May 21 2021 01: +0
5428,1.398,May 22 2021 01: +0
3330,1.463,May 23 2021 01: +0
3899,1.534,May 24 2021 01: +0
4179,1.629,May 25 2021 01: +0
3550,1.662,May 26 2021 01: +0
3292,1.657,May 27 2021 01: +0
3911,1.618,May 28 2021 01: +0
2635,1.562,May 29 2021 01: +0
2902,1.529,May 30 2021 01: +0
2292,1.455,May 31 2021 01: +0
2110,1.506,Jun 01 2021 01: +0
2361,1.489,Jun 02 2021 01: +0
2518,1.501,Jun 03 2021 01: +0
4633,1.508,Jun 04 2021 01: +0
4604,1.598,Jun 05 2021 01: +0
3035,1.632,Jun 06 2021 01: +0
2586,1.61,Jun 07 2021 01: +0
1893,1.588,Jun 08 2021 01: +0
2668,1.615,Jun 09 2021 01: +0
2010,1.554,Jun 10 2021 01: +0
2392,1.571,Jun 11 2021 01: +0
3050,1.552,Jun 12 2021 01: +0
2373,1.507,Jun 13 2021 01: +0
1819,1.492,Jun 14 2021 01: +0
3247,1.519,Jun 15 2021 01: +0
2079,1.47,Jun 16 2021 01: +0
3336,1.493,Jun 17 2021 01: +0
1866,1.468,Jun 18 2021 01: +0
2678,1.452,Jun 19 2021 01: +0
2668,1.438,Jun 20 2021 01: +0
1721,1.408,Jun 21 2021 01: +0
1820,1.389,Jun 22 2021 01: +0
2604,1.325,Jun 23 2021 01: +0
3226,1.22,Jun 24 2021 01: +0
3834,1.224,Jun 25 2021 01: +0
3021,1.296,Jun 26 2021 01: +0
2150,1.286,Jun 27 2021 01: +0
2170,1.308,Jun 28 2021 01: +0
2209,1.295,Jun 29 2021 01: +0
2397,1.305,Jun 30 2021 01: +0
1971,1.266,Jul 01 2021 01: +0
1984,1.255,Jul 02 2021 01: +0
2072,1.261,Jul 03 2021 01: +0
2054,1.243,Jul 04 2021 01: +0
2243,1.208,Jul 05 2021 01: +0
1781,1.225,Jul 06 2021 01: +0
2037,1.217,Jul 07 2021 01: +0
2192,1.197,Jul 08 2021 01: +0
1925,1.263,Jul 09 2021 01: +0
2333,1.256,Jul 10 2021 01: +0
1681,1.257,Jul 11 2021 01: +0
2427,1.245,Jul 12 2021 01: +0
3031,1.261,Jul 13 2021 01: +0
2325,1.256,Jul 14 2021 01: +0
1980,1.262,Jul 15 2021 01: +0
2116,1.268,Jul 16 2021 01: +0
1954,1.261,Jul 17 2021 01: +0
2022,1.257,Jul 18 2021 01: +0
1889,1.276,Jul 19 2021 01: +0
2366,1.236,Jul 20 2021 01: +0
2034,1.22,Jul 21 2021 01: +0
2576,1.216,Jul 22 2021 01: +0
2387,1.263,Jul 23 2021 01: +0
2439,1.284,Jul 24 2021 01: +0
1833,1.256,Jul 25 2021 01: +0
1799,1.264,Jul 26 2021 01: +0
1354,1.286,Jul 27 2021 01: +0
2187,1.28,Jul 28 2021 01: +0
1736,1.254,Jul 29 2021 01: +0
2237,1.274,Jul 30 2021 01: +0
2479,1.277,Jul 31 2021 01: +0
2125,1.267,Aug 01 2021 01: +0
2380,1.28,Aug 02 2021 01: +0
1873,1.275,Aug 03 2021 01: +0
2376,1.251,Aug 04 2021 01: +0
2199,1.292,Aug 05 2021 01: +0
2663,1.261,Aug 06 2021 01: +0
2549,1.274,Aug 07 2021 01: +0
2323,1.252,Aug 08 2021 01: +0
2147,1.249,Aug 09 2021 01: +0
2366,1.239,Aug 10 2021 01: +0
1711,1.222,Aug 11 2021 01: +0
2018,1.21,Aug 12 2021 01: +0
1831,1.213,Aug 13 2021 01: +0
3800,1.196,Aug 14 2021 01: +0
2062,1.221,Aug 15 2021 01: +0
1920,1.201,Aug 16 2021 01: +0
2299,1.207,Aug 17 2021 01: +0
2563,1.179,Aug 18 2021 01: +0
2834,1.205,Aug 19 2021 01: +0
2789,1.192,Aug 20 2021 01: +0
2529,1.192,Aug 21 2021 01: +0
2811,1.208,Aug 22 2021 01: +0
1956,1.203,Aug 23 2021 01: +0
2245,1.187,Aug 24 2021 01: +0
2320,1.209,Aug 25 2021 01: +0
2398,1.201,Aug 26 2021 01: +0
2762,1.185,Aug 27 2021 01: +0
2564,1.224,Aug 28 2021 01: +0
2493,1.219,Aug 29 2021 01: +0
2043,1.218,Aug 30 2021 01: +0
2254,1.237,Aug 31 2021 01: +0
1580,1.24,Sep 01 2021 01: +0
3363,1.251,Sep 02 2021 01: +0
2328,1.233,Sep 03 2021 01: +0
2382,1.227,Sep 04 2021 01: +0
3494,1.233,Sep 05 2021 01: +0
2790,1.23,Sep 06 2021 01: +0
2833,1.217,Sep 07 2021 01: +0
1848,1.224,Sep 08 2021 01: +0
4139,1.271,Sep 09 2021 01: +0
2842,1.284,Sep 10 2021 01: +0
2747,1.289,Sep 11 2021 01: +0
2694,1.292,Sep 12 2021 01: +0
2503,1.312,Sep 13 2021 01: +0
1920,1.342,Sep 14 2021 01: +0
1805,1.347,Sep 15 2021 01: +0
2221,1.348,Sep 16 2021 01: +0
1914,1.348,Sep 17 2021 01: +0
3019,1.33,Sep 18 2021 01: +0
2097,1.31,Sep 19 2021 01: +0
1802,1.292,Sep 20 2021 01: +0
1851,1.284,Sep 21 2021 01: +0
9224,1.03,Sep 22 2021 01: +0
3760,1.017,Sep 23 2021 01: +0
2005,1.056,Sep 24 2021 01: +0
1954,1,Sep 25 2021 01: +0
2049,1.011,Sep 26 2021 01: +0
2175,0.988,Sep 27 2021 01: +0
1475,1.011,Sep 28 2021 01: +0
2385,0.999,Sep 29 2021 01: +0
1380,0.98,Sep 30 2021 01: +0
1415,0.988,Oct 01 2021 01: +0
1451,0.96,Oct 02 2021 01: +0
1678,1.001,Oct 03 2021 01: +0
1655,0.942,Oct 04 2021 01: +0
2280,0.963,Oct 05 2021 01: +0
1239,0.976,Oct 06 2021 01: +0
1078,0.974,Oct 07 2021 01: +0
2027,1.015,Oct 08 2021 01: +0
2209,1.011,Oct 09 2021 01: +0
1575,1.047,Oct 10 2021 01: +0
1189,1.011,Oct 11 2021 01: +0
1459,1.006,Oct 12 2021 01: +0
1246,1.012,Oct 13 2021 01: +0
2138,0.991,Oct 14 2021 01: +0
1801,0.983,Oct 15 2021 01: +0
2950,0.982,Oct 16 2021 01: +0
1915,1.003,Oct 17 2021 01: +0
1877,0.996,Oct 18 2021 01: +0
2880,0.964,Oct 19 2021 01: +0
1877,0.98,Oct 20 2021 01: +0
1424,0.997,Oct 21 2021 01: +0
2712,0.89,Oct 22 2021 01: +0
2212,0.916,Oct 23 2021 01: +0
2041,0.925,Oct 24 2021 01: +0
2109,0.913,Oct 25 2021 01: +0
1941,0.924,Oct 26 2021 01: +0
1911,0.906,Oct 27 2021 01: +0
1488,0.915,Oct 28 2021 01: +0
1550,0.901,Oct 29 2021 01: +0
2081,0.954,Oct 30 2021 01: +0
1570,0.949,Oct 31 2021 01: +0
1744,0.943,Nov 01 2021 01: +0
1693,0.96,Nov 02 2021 01: +0
1731,0.955,Nov 03 2021 01: +0
2086,0.951,Nov 04 2021 01: +0
2308,0.955,Nov 05 2021 01: +0
3269,0.951,Nov 06 2021 01: +0
2488,0.905,Nov 07 2021 01: +0
1988,0.89,Nov 08 2021 01: +0
1867,0.88,Nov 09 2021 01: +0
1880,0.847,Nov 10 2021 01: +0
2421,0.839,Nov 11 2021 01: +0
1879,0.873,Nov 12 2021 01: +0
2099,0.884,Nov 13 2021 01: +0
1955,0.915,Nov 14 2021 01: +0
1417,0.918,Nov 15 2021 01: +0
1431,0.922,Nov 16 2021 01: +0
1363,0.931,Nov 17 2021 01: +0
1931,0.951,Nov 18 2021 01: +0
1734,0.97,Nov 19 2021 01: +0
1828,0.982,Nov 20 2021 01: +0
1718,0.981,Nov 21 2021 01: +0
1407,0.971,Nov 22 2021 01: +0
1044,0.941,Nov 23 2021 01: +0
1648,0.955,Nov 24 2021 01: +0
1937,0.916,Nov 25 2021 01: +0
2720,0.934,Nov 26 2021 01: +0
2151,0.979,Nov 27 2021 01: +0
2186,1.004,Nov 28 2021 01: +0
1460,0.986,Nov 29 2021 01: +0
2359,0.895,Nov 30 2021 01: +0
2279,0.914,Dec 01 2021 01: +0
1736,0.953,Dec 02 2021 01: +0
2153,1.012,Dec 03 2021 01: +0
2235,1.027,Dec 04 2021 01: +0
2116,1.074,Dec 05 2021 01: +0
2715,1.097,Dec 06 2021 01: +0
1262,1.079,Dec 07 2021 01: +0
1200,1.054,Dec 08 2021 01: +0
1104,1.045,Dec 09 2021 01: +0
1488,1.092,Dec 10 2021 01: +0
1669,1.085,Dec 11 2021 01: +0
2314,1.067,Dec 12 2021 01: +0
1298,1.026,Dec 13 2021 01: +0
1567,1.038,Dec 14 2021 01: +0
1650,0.962,Dec 15 2021 01: +0
1579,0.994,Dec 16 2021 01: +0
1517,0.955,Dec 17 2021 01: +0
1781,0.96,Dec 18 2021 01: +0
1491,0.991,Dec 19 2021 01: +0
1404,0.978,Dec 20 2021 01: +0
1529,0.942,Dec 21 2021 01: +0
1923,0.976,Dec 22 2021 01: +0
1820,0.977,Dec 23 2021 01: +0
2457,0.984,Dec 24 2021 01: +0
2335,0.988,Dec 25 2021 01: +0
1877,1.012,Dec 26 2021 01: +0
1873,1.041,Dec 27 2021 01: +0
2140,1.085,Dec 28 2021 01: +0
1934,1.099,Dec 29 2021 01: +0
1863,1.096,Dec 30 2021 01: +0
2627,1.117,Dec 31 2021 01: +0
2117,1.157,Jan 01 2022 01: +0
2342,1.137,Jan 02 2022 01: +0
1443,1.123,Jan 03 2022 01: +0
2428,1.144,Jan 04 2022 01: +0
1809,1.147,Jan 05 2022 01: +0
1366,1.158,Jan 06 2022 01: +0
2032,1.171,Jan 07 2022 01: +0
1943,1.229,Jan 08 2022 01: +0
1651,1.18,Jan 09 2022 01: +0
1505,1.208,Jan 10 2022 01: +0
1815,1.222,Jan 11 2022 01: +0
2995,1.26,Jan 12 2022 01: +0
1861,1.255,Jan 13 2022 01: +0
2790,1.307,Jan 14 2022 01: +0
1918,1.291,Jan 15 2022 01: +0
1834,1.281,Jan 16 2022 01: +0
5116,1.295,Jan 17 2022 01: +0
4773,1.449,Jan 18 2022 01: +0
3864,1.494,Jan 19 2022 01: +0
1494,1.47,Jan 20 2022 01: +0
2345,1.414,Jan 21 2022 01: +0
2057,1.41,Jan 22 2022 01: +0
1861,1.391,Jan 23 2022 01: +0
997,1.356,Jan 24 2022 01: +0
1381,1.35,Jan 25 2022 01: +0
1064,1.328,Jan 26 2022 01: +0
1542,1.311,Jan 27 2022 01: +0
1658,1.305,Jan 28 2022 01: +0
1831,1.299,Jan 29 2022 01: +0
1982,1.3,Jan 30 2022 01: +0
1498,1.293,Jan 31 2022 01: +0
1513,1.298,Feb 01 2022 01: +0
2105,1.24,Feb 02 2022 01: +0
1436,1.232,Feb 03 2022 01: +0
2140,1.219,Feb 04 2022 01: +0
1728,1.277,Feb 05 2022 01: +0
1953,1.242,Feb 06 2022 01: +0
1755,1.232,Feb 07 2022 01: +0
1713,1.228,Feb 08 2022 01: +0
1770,1.194,Feb 09 2022 01: +0
1721,1.204,Feb 10 2022 01: +0
1954,1.177,Feb 11 2022 01: +0
2049,1.139,Feb 12 2022 01: +0
1464,1.148,Feb 13 2022 01: +0
1634,1.125,Feb 14 2022 01: +0
1145,1.149,Feb 15 2022 01: +0
1417,1.176,Feb 16 2022 01: +0
1786,1.207,Feb 17 2022 01: +0
1932,1.235,Feb 18 2022 01: +0
1734,1.213,Feb 19 2022 01: +0
1701,1.206,Feb 20 2022 01: +0
1447,1.2,Feb 21 2022 01: +0
1603,1.185,Feb 22 2022 01: +0
1576,1.137,Feb 23 2022 01: +0
2030,1.158,Feb 24 2022 01: +0
1933,1.155,Feb 25 2022 01: +0
2357,1.16,Feb 26 2022 01: +0
2324,1.19,Feb 27 2022 01: +0
1856,1.216,Feb 28 2022 01: +0
1450,1.175,Mar 01 2022 01: +0
1980,1.19,Mar 02 2022 01: +0
1701,1.192,Mar 03 2022 01: +0
2207,1.212,Mar 04 2022 01: +0
2199,1.205,Mar 05 2022 01: +0
1577,1.194,Mar 06 2022 01: +0
2219,1.164,Mar 07 2022 01: +0
4505,1.079,Mar 08 2022 01: +0
3078,1.046,Mar 09 2022 01: +0
2703,1.075,Mar 10 2022 01: +0
1854,1.198,Mar 11 2022 01: +0
1672,1.212,Mar 12 2022 01: +0
1421,1.189,Mar 13 2022 01: +0
1597,1.175,Mar 14 2022 01: +0
1563,1.198,Mar 15 2022 01: +0
1951,1.221,Mar 16 2022 01: +0
2065,1.227,Mar 17 2022 01: +0
2297,1.241,Mar 18 2022 01: +0
2201,1.249,Mar 19 2022 01: +0
1870,1.228,Mar 20 2022 01: +0
1666,1.207,Mar 21 2022 01: +0
2021,1.216,Mar 22 2022 01: +0
1973,1.139,Mar 23 2022 01: +0
1460,1.173,Mar 24 2022 01: +0
2037,1.181,Mar 25 2022 01: +0
2119,1.21,Mar 26 2022 01: +0
1793,1.2,Mar 27 2022 01: +0
2086,1.177,Mar 28 2022 01: +0
3084,1.138,Mar 29 2022 01: +0
1413,1.204,Mar 30 2022 01: +0
1670,1.214,Mar 31 2022 01: +0
2270,1.215,Apr 01 2022 01: +0
4312,1.222,Apr 02 2022 01: +0
2901,1.223,Apr 03 2022 01: +0
2977,1.235,Apr 04 2022 01: +0
1512,1.281,Apr 05 2022 01: +0
1597,1.288,Apr 06 2022 01: +0
1573,1.323,Apr 07 2022 01: +0
2416,1.331,Apr 08 2022 01: +0
2131,1.316,Apr 09 2022 01: +0
1581,1.296,Apr 10 2022 01: +0
1591,1.284,Apr 11 2022 01: +0
2026,1.287,Apr 12 2022 01: +0
1824,1.289,Apr 13 2022 01: +0
1814,1.287,Apr 14 2022 01: +0
1809,1.298,Apr 15 2022 01: +0
2485,1.289,Apr 16 2022 01: +0
1725,1.295,Apr 17 2022 01: +0
1616,1.265,Apr 18 2022 01: +0
1892,1.304,Apr 19 2022 01: +0
1490,1.272,Apr 20 2022 01: +0
1233,1.287,Apr 21 2022 01: +0
1766,1.264,Apr 22 2022 01: +0
616,1.294,Apr 23 2022 01: +0
144,1.3,Apr 23 2022 06: +0
73,1.3,Apr 23 2022 07: +0
51,1.3,Apr 23 2022 08: +0
45,1.298,Apr 23 2022 09: +0
22,1.284,Apr 23 2022 10: +0
12,1.23,Apr 23 2022 11: +0
40,1.259,Apr 23 2022 12: +0
48,1.271,Apr 23 2022 13: +0
62,1.29,Apr 23 2022 14: +0
67,1.273,Apr 23 2022 15: +0
126,1.287,Apr 23 2022 16: +0
46,1.287,Apr 23 2022 17: +0
234,1.287,Apr 23 2022 18: +0
95,1.254,Apr 23 2022 19: +0
186,1.299,Apr 23 2022 20: +0
117,1.3,Apr 23 2022 21: +0
42,1.298,Apr 23 2022 22: +0
81,1.3,Apr 23 2022 23: +0
59,1.3,Apr 24 2022 00: +0
40,1.299,Apr 24 2022 01: +0
81,1.3,Apr 24 2022 02: +0
113,1.3,Apr 24 2022 03: +0
45,1.3,Apr 24 2022 04: +0
168,1.3,Apr 24 2022 05: +0
46,1.303,Apr 24 2022 06: +0
30,1.3,Apr 24 2022 07: +0
83,1.3,Apr 24 2022 08: +0
81,1.3,Apr 24 2022 09: +0
32,1.3,Apr 24 2022 10: +0
65,1.298,Apr 24 2022 11: +0
96,1.3,Apr 24 2022 12: +0
92,1.3,Apr 24 2022 13: +0
70,1.308,Apr 24 2022 14: +0
72,1.308,Apr 24 2022 15: +0
45,1.27,Apr 24 2022 16: +0
133,1.23,Apr 24 2022 17: +0
71,1.3,Apr 24 2022 18: +0
49,1.287,Apr 24 2022 19: +0
34,1.254,Apr 24 2022 20: +0
132,1.287,Apr 24 2022 21: +0
88,1.26,Apr 24 2022 22: +0
50,1.3,Apr 24 2022 23: +0
113,1.3,Apr 25 2022 00: +0
26,1.29,Apr 25 2022 01: +0
47,1.3,Apr 25 2022 02: +0
44,1.28,Apr 25 2022 03: +0
67,1.3,Apr 25 2022 04: +0
47,1.3,Apr 25 2022 05: +0
41,1.3,Apr 25 2022 06: +0
75,1.305,Apr 25 2022 07: +0
55,1.295,Apr 25 2022 08: +0
73,1.303,Apr 25 2022 09: +0
28,1.303,Apr 25 2022 10: +0
52,1.287,Apr 25 2022 11: +0
39,1.298,Apr 25 2022 12: +0
54,1.308,Apr 25 2022 13: +0
18,1.183,Apr 25 2022 14: +0
97,1.29,Apr 25 2022 15: +0
107,1.298,Apr 25 2022 16: +0
48,1.298,Apr 25 2022 17: +0
44,1.298,Apr 25 2022 18: +0
76,1.298,Apr 25 2022 19: +0
122,1.298,Apr 25 2022 20: +0
136,1.298,Apr 25 2022 21: +0
106,1.29,Apr 25 2022 22: +0
122,1.286,Apr 25 2022 23: +0
29,1.286,Apr 26 2022 00: +0
40,1.297,Apr 26 2022 01: +0
65,1.29,Apr 26 2022 02: +0
93,1.3,Apr 26 2022 03: +0
60,1.3,Apr 26 2022 04: +0
18,1.29,Apr 26 2022 05: +0
22,1.29,Apr 26 2022 06: +0
25,1.271,Apr 26 2022 07: +0
47,1.285,Apr 26 2022 08: +0
32,1.286,Apr 26 2022 09: +0
29,1.278,Apr 26 2022 10: +0
23,1.241,Apr 26 2022 11: +0
98,1.233,Apr 26 2022 12: +0
21,1.254,Apr 26 2022 13: +0
29,1.286,Apr 26 2022 14: +0
78,1.286,Apr 26 2022 15: +0
42,1.244,Apr 26 2022 16: +0
111,1.286,Apr 26 2022 17: +0
57,1.286,Apr 26 2022 18: +0
76,1.19,Apr 26 2022 19: +0
125,1.29,Apr 26 2022 20: +0
200,1.3,Apr 26 2022 21: +0
63,1.28,Apr 26 2022 22: +0
20,1.238,Apr 26 2022 23: +0
122,1.28,Apr 27 2022 00: +0
45,1.28,Apr 27 2022 01: +0
52,1.3,Apr 27 2022 02: +0
12,1.27,Apr 27 2022 03: +0
68,1.27,Apr 27 2022 04: +0
56,1.29,Apr 27 2022 05: +0
79,1.3,Apr 27 2022 06: +0
41,1.3,Apr 27 2022 07: +0
41,1.29,Apr 27 2022 08: +0
19,1.274,Apr 27 2022 09: +0
56,1.174,Apr 27 2022 10: +0
54,1.184,Apr 27 2022 11: +0
34,1.19,Apr 27 2022 12: +0
19,1.263,Apr 27 2022 13: +0
120,1.265,Apr 27 2022 14: +0
136,1.28,Apr 27 2022 15: +0
39,1.27,Apr 27 2022 16: +0
64,1.27,Apr 27 2022 17: +0
158,1.222,Apr 27 2022 18: +0
111,1.228,Apr 27 2022 19: +0
157,1.26,Apr 27 2022 20: +0
148,1.27,Apr 27 2022 21: +0
171,1.244,Apr 27 2022 22: +0
116,1.244,Apr 27 2022 23: +0
41,1.24,Apr 28 2022 00: +0
59,1.27,Apr 28 2022 01: +0
65,1.27,Apr 28 2022 02: +0
36,1.26,Apr 28 2022 03: +0
86,1.26,Apr 28 2022 04: +0
69,1.23,Apr 28 2022 05: +0
64,1.26,Apr 28 2022 06: +0
48,1.267,Apr 28 2022 07: +0
9,1.244,Apr 28 2022 08: +0
42,1.255,Apr 28 2022 09: +0
44,1.265,Apr 28 2022 10: +0
194,1.275,Apr 28 2022 11: +0
92,1.266,Apr 28 2022 12: +0
27,1.276,Apr 28 2022 13: +0
58,1.275,Apr 28 2022 14: +0
64,1.276,Apr 28 2022 15: +0
32,1.234,Apr 28 2022 16: +0
66,1.274,Apr 28 2022 17: +0
150,1.267,Apr 28 2022 18: +0
109,1.256,Apr 28 2022 19: +0
95,1.27,Apr 28 2022 20: +0
63,1.26,Apr 28 2022 21: +0
117,1.26,Apr 28 2022 22: +0
87,1.262,Apr 28 2022 23: +0
55,1.26,Apr 29 2022 00: +0
45,1.26,Apr 29 2022 01: +0
52,1.27,Apr 29 2022 02: +0
38,1.26,Apr 29 2022 03: +0
59,1.26,Apr 29 2022 04: +0
125,1.27,Apr 29 2022 05: +0
49,1.28,Apr 29 2022 06: +0
22,1.253,Apr 29 2022 07: +0
13,1.24,Apr 29 2022 08: +0
170,1.249,Apr 29 2022 09: +0
57,1.26,Apr 29 2022 10: +0
61,1.27,Apr 29 2022 11: +0
30,1.27,Apr 29 2022 12: +0
8,1.228,Apr 29 2022 13: +0
45,1.225,Apr 29 2022 14: +0
117,1.239,Apr 29 2022 15: +0
80,1.276,Apr 29 2022 16: +0
60,1.27,Apr 29 2022 17: +0
88,1.27,Apr 29 2022 18: +0
127,1.274,Apr 29 2022 19: +0
44,1.27,Apr 29 2022 20: +0
119,1.28,Apr 29 2022 21: +0
86,1.284,Apr 29 2022 22: +0
97,1.29,Apr 29 2022 23: +0
76,1.29,Apr 30 2022 00: +0
40,1.283,Apr 30 2022 01: +0
31,1.3,Apr 30 2022 02: +0
166,1.3,Apr 30 2022 03: +0
84,1.26,Apr 30 2022 04: +0
85,1.252,Apr 30 2022 05: +0
67,1.26,Apr 30 2022 06: +0
59,1.3,Apr 30 2022 07: +0
370,1.31,Apr 30 2022 08: +0
98,1.317,Apr 30 2022 09: +0
55,1.304,Apr 30 2022 10: +0
47,1.195,Apr 30 2022 11: +0
86,1.305,Apr 30 2022 12: +0
93,1.295,Apr 30 2022 13: +0
71,1.307,Apr 30 2022 14: +0
124,1.305,Apr 30 2022 15: +0
96,1.295,Apr 30 2022 16: +0
134,1.295,Apr 30 2022 17: +0
90,1.29,Apr 30 2022 18: +0
166,1.295,Apr 30 2022 19: +0
175,1.3,Apr 30 2022 20: +0
99,1.3,Apr 30 2022 21: +0
78,1.28,Apr 30 2022 22: +0
324,1.162,Apr 30 2022 23: +0
353,1.162,May 01 2022 00: +0
47,1.3,May 01 2022 01: +0
69,1.295,May 01 2022 02: +0
97,1.3,May 01 2022 03: +0
55,1.3,May 01 2022 04: +0
37,1.3,May 01 2022 05: +0
58,1.298,May 01 2022 06: +0
68,1.31,May 01 2022 07: +0
248,1.31,May 01 2022 08: +0
109,1.3,May 01 2022 09: +0
87,1.305,May 01 2022 10: +0
122,1.308,May 01 2022 11: +0
112,1.31,May 01 2022 12: +0
262,1.3,May 01 2022 13: +0
147,1.284,May 01 2022 14: +0
112,1.28,May 01 2022 15: +0
107,1.284,May 01 2022 16: +0
118,1.295,May 01 2022 17: +0
119,1.3,May 01 2022 18: +0
122,1.265,May 01 2022 19: +0
120,1.319,May 01 2022 20: +0
94,1.299,May 01 2022 21: +0
24,1.288,May 01 2022 22: +0
25,1.2,May 01 2022 23: +0
54,1.28,May 02 2022 00: +0
30,1.29,May 02 2022 01: +0
24,1.29,May 02 2022 02: +0
43,1.29,May 02 2022 03: +0
15,1.29,May 02 2022 04: +0
28,1.28,May 02 2022 05: +0
100,1.29,May 02 2022 06: +0
105,1.292,May 02 2022 07: +0
106,1.295,May 02 2022 08: +0
53,1.263,May 02 2022 09: +0
43,1.216,May 02 2022 10: +0
19,1.263,May 02 2022 11: +0
62,1.259,May 02 2022 12: +0
90,1.29,May 02 2022 13: +0
113,1.284,May 02 2022 14: +0
149,1.254,May 02 2022 15: +0
194,1.242,May 02 2022 16: +0
52,1.255,May 02 2022 17: +0
37,1.263,May 02 2022 18: +0
52,1.201,May 02 2022 19: +0
142,1.28,May 02 2022 20: +0
100,1.26,May 02 2022 21: +0
121,1.29,May 02 2022 22: +0
124,1.292,May 02 2022 23: +0
68,1.29,May 03 2022 00: +0
82,1.292,May 03 2022 01: +0
49,1.3,May 03 2022 02: +0
46,1.3,May 03 2022 03: +0
32,1.3,May 03 2022 04: +0
22,1.27,May 03 2022 05: +0
39,1.3,May 03 2022 06: +0
9,1.217,May 03 2022 07: +0
33,1.235,May 03 2022 08: +0
35,1.217,May 03 2022 09: +0
14,1.234,May 03 2022 10: +0
34,1.16,May 03 2022 11: +0
69,1.197,May 03 2022 12: +0
100,1.229,May 03 2022 13: +0
58,1.225,May 03 2022 14: +0
156,1.273,May 03 2022 15: +0
127,1.311,May 03 2022 16: +0
53,1.272,May 03 2022 17: +0
145,1.292,May 03 2022 18: +0
100,1.3,May 03 2022 19: +0
45,1.3,May 03 2022 20: +0
32,1.277,May 03 2022 21: +0
50,1.28,May 03 2022 22: +0
41,1.303,May 03 2022 23: +0
31,1.299,May 04 2022 00: +0
43,1.256,May 04 2022 01: +0
123,1.229,May 04 2022 02: +0
177,1.24,May 04 2022 03: +0
89,1.216,May 04 2022 04: +0
50,1.2,May 04 2022 05: +0
95,1.2,May 04 2022 06: +0
153,1.29,May 04 2022 07: +0
40,1.195,May 04 2022 08: +0
83,1.161,May 04 2022 09: +0
101,1.153,May 04 2022 10: +0
55,1.15,May 04 2022 11: +0
88,1.15,May 04 2022 12: +0
78,1.176,May 04 2022 13: +0
50,1.151,May 04 2022 14: +0
105,1.153,May 04 2022 15: +0
118,1.172,May 04 2022 16: +0
170,1.12,May 04 2022 17: +0
84,1.14,May 04 2022 18: +0
136,1.235,May 04 2022 19: +0
113,1.225,May 04 2022 20: +0
110,1.23,May 04 2022 21: +0
65,1.218,May 04 2022 22: +0
31,1.233,May 04 2022 23: +0
57,1.24,May 05 2022 00: +0
65,1.18,May 05 2022 01: +0
159,1.24,May 05 2022 02: +0
54,1.24,May 05 2022 03: +0
169,1.26,May 05 2022 04: +0
65,1.284,May 05 2022 05: +0
26,1.29,May 05 2022 06: +0
35,1.292,May 05 2022 07: +0
123,1.276,May 05 2022 08: +0
45,1.29,May 05 2022 09: +0
117,1.28,May 05 2022 10: +0
35,1.275,May 05 2022 11: +0
41,1.155,May 05 2022 12: +0
32,1.17,May 05 2022 13: +0
44,1.148,May 05 2022 14: +0
51,1.19,May 05 2022 15: +0
132,1.159,May 05 2022 16: +0
185,1.244,May 05 2022 17: +0
137,1.27,May 05 2022 18: +0
249,1.275,May 05 2022 19: +0
45,1.212,May 05 2022 20: +0
105,1.27,May 05 2022 21: +0
104,1.18,May 05 2022 22: +0
69,1.21,May 05 2022 23: +0
47,1.21,May 06 2022 00: +0
55,1.239,May 06 2022 01: +0
56,1.26,May 06 2022 02: +0
148,1.274,May 06 2022 03: +0
83,1.28,May 06 2022 04: +0
93,1.28,May 06 2022 05: +0
27,1.27,May 06 2022 06: +0
17,1.12,May 06 2022 07: +0
36,1.21,May 06 2022 08: +0
21,1.219,May 06 2022 09: +0
35,1.204,May 06 2022 10: +0
17,1.24,May 06 2022 11: +0
44,1.234,May 06 2022 12: +0
52,1.24,May 06 2022 13: +0
64,1.244,May 06 2022 14: +0
137,1.266,May 06 2022 15: +0
67,1.213,May 06 2022 16: +0
58,1.25,May 06 2022 17: +0
108,1.267,May 06 2022 18: +0
108,1.26,May 06 2022 19: +0
105,1.276,May 06 2022 20: +0
48,1.27,May 06 2022 21: +0
60,1.216,May 06 2022 22: +0
170,1.261,May 06 2022 23: +0
131,1.27,May 07 2022 00: +0
82,1.277,May 07 2022 01: +0
86,1.28,May 07 2022 02: +0
77,1.28,May 07 2022 03: +0
123,1.28,May 07 2022 04: +0
75,1.29,May 07 2022 05: +0
39,1.28,May 07 2022 06: +0
29,1.213,May 07 2022 07: +0
59,1.264,May 07 2022 08: +0
13,1.279,May 07 2022 09: +0
49,1.258,May 07 2022 10: +0
50,1.267,May 07 2022 11: +0
56,1.269,May 07 2022 12: +0
69,1.277,May 07 2022 13: +0
53,1.279,May 07 2022 14: +0
29,1.26,May 07 2022 15: +0
50,1.279,May 07 2022 16: +0
60,1.21,May 07 2022 17: +0
79,1.21,May 07 2022 18: +0
251,1.28,May 07 2022 19: +0
113,1.279,May 07 2022 20: +0
140,1.288,May 07 2022 21: +0
64,1.282,May 07 2022 22: +0
45,1.29,May 07 2022 23: +0
104,1.29,May 08 2022 00: +0
63,1.289,May 08 2022 01: +0
79,1.29,May 08 2022 02: +0
91,1.289,May 08 2022 03: +0
93,1.288,May 08 2022 04: +0
22,1.3,May 08 2022 05: +0
49,1.297,May 08 2022 06: +0
30,1.2,May 08 2022 07: +0
50,1.218,May 08 2022 08: +0
50,1.21,May 08 2022 09: +0
22,1.2,May 08 2022 10: +0
40,1.216,May 08 2022 11: +0
25,1.155,May 08 2022 12: +0
61,1.237,May 08 2022 13: +0
205,1.279,May 08 2022 14: +0
145,1.296,May 08 2022 15: +0
129,1.3,May 08 2022 16: +0
107,1.295,May 08 2022 17: +0
54,1.295,May 08 2022 18: +0
97,1.269,May 08 2022 19: +0
55,1.204,May 08 2022 20: +0
72,1.3,May 08 2022 21: +0
28,1.24,May 08 2022 22: +0
29,1.21,May 08 2022 23: +0
94,1.28,May 09 2022 00: +0
35,1.3,May 09 2022 01: +0
119,1.3,May 09 2022 02: +0
56,1.297,May 09 2022 03: +0
36,1.3,May 09 2022 04: +0
21,1.27,May 09 2022 05: +0
58,1.29,May 09 2022 06: +0
72,1.29,May 09 2022 07: +0
184,1.29,May 09 2022 08: +0
29,1.29,May 09 2022 09: +0
35,1.216,May 09 2022 10: +0
167,1.29,May 09 2022 11: +0
69,1.29,May 09 2022 12: +0
23,1.258,May 09 2022 13: +0
33,1.264,May 09 2022 14: +0
59,1.258,May 09 2022 15: +0
83,1.258,May 09 2022 16: +0
66,1.233,May 09 2022 17: +0
27,1.178,May 09 2022 18: +0
42,1.246,May 09 2022 19: +0
42,1.277,May 09 2022 20: +0
68,1.2,May 09 2022 21: +0
56,1.275,May 09 2022 22: +0
46,1.262,May 09 2022 23: +0
26,1.19,May 10 2022 00: +0
26,1.19,May 10 2022 01: +0
38,1.19,May 10 2022 02: +0
46,1.19,May 10 2022 03: +0
98,1.19,May 10 2022 04: +0
38,1.19,May 10 2022 05: +0
42,1.26,May 10 2022 06: +0
21,1.27,May 10 2022 07: +0
8,1.253,May 10 2022 08: +0
250,1.27,May 10 2022 09: +0
84,1.27,May 10 2022 10: +0
55,1.264,May 10 2022 11: +0
105,1.22,May 10 2022 12: +0
31,1.24,May 10 2022 13: +0
75,1.243,May 10 2022 14: +0
27,1.235,May 10 2022 15: +0
43,1.235,May 10 2022 16: +0
47,1.159,May 10 2022 17: +0
51,1.18,May 10 2022 18: +0
34,1.212,May 10 2022 19: +0
50,1.23,May 10 2022 20: +0
26,1.23,May 10 2022 21: +0
121,1.236,May 10 2022 22: +0
50,1.235,May 10 2022 23: +0
43,1.256,May 11 2022 00: +0
68,1.256,May 11 2022 01: +0
46,1.264,May 11 2022 02: +0
26,1.18,May 11 2022 03: +0
44,1.24,May 11 2022 04: +0
86,1.24,May 11 2022 05: +0
41,1.24,May 11 2022 06: +0
31,1.223,May 11 2022 07: +0
8,1.221,May 11 2022 08: +0
24,1.222,May 11 2022 09: +0
49,1.128,May 11 2022 10: +0
42,1.206,May 11 2022 11: +0
115,1.22,May 11 2022 12: +0
120,1.24,May 11 2022 13: +0
121,1.247,May 11 2022 14: +0
67,1.239,May 11 2022 15: +0
107,1.216,May 11 2022 16: +0
96,1.215,May 11 2022 17: +0
52,1.193,May 11 2022 18: +0
61,1.182,May 11 2022 19: +0
131,1.172,May 11 2022 20: +0
102,1.182,May 11 2022 21: +0
213,1.2,May 11 2022 22: +0
85,1.2,May 11 2022 23: +0
74,1.2,May 12 2022 00: +0
146,1.209,May 12 2022 01: +0
54,1.201,May 12 2022 02: +0
125,1.21,May 12 2022 03: +0
62,1.21,May 12 2022 04: +0
91,1.21,May 12 2022 05: +0
60,1.21,May 12 2022 06: +0
59,1.21,May 12 2022 07: +0
31,1.21,May 12 2022 08: +0
12,1.211,May 12 2022 09: +0
108,1.21,May 12 2022 10: +0
79,1.189,May 12 2022 11: +0
151,1.21,May 12 2022 12: +0
117,1.22,May 12 2022 13: +0
76,1.176,May 12 2022 14: +0
36,1.161,May 12 2022 15: +0
29,1.151,May 12 2022 16: +0
39,1.2,May 12 2022 17: +0
70,1.22,May 12 2022 18: +0
132,1.235,May 12 2022 19: +0
60,1.214,May 12 2022 20: +0
67,1.155,May 12 2022 21: +0
83,1.2,May 12 2022 22: +0
38,1.2,May 12 2022 23: +0
45,1.197,May 13 2022 00: +0
12,1.198,May 13 2022 01: +0
33,1.2,May 13 2022 02: +0
24,1.225,May 13 2022 03: +0
61,1.26,May 13 2022 04: +0
59,1.257,May 13 2022 05: +0
13,1.2,May 13 2022 06: +0
75,1.241,May 13 2022 07: +0
53,1.241,May 13 2022 08: +0
33,1.241,May 13 2022 09: +0
72,1.241,May 13 2022 10: +0
58,1.241,May 13 2022 11: +0
142,1.256,May 13 2022 12: +0
31,1.249,May 13 2022 13: +0
42,1.255,May 13 2022 14: +0
124,1.26,May 13 2022 15: +0
75,1.26,May 13 2022 16: +0
139,1.267,May 13 2022 17: +0
115,1.259,May 13 2022 18: +0
110,1.22,May 13 2022 19: +0
75,1.249,May 13 2022 20: +0
60,1.227,May 13 2022 21: +0
53,1.243,May 13 2022 22: +0
64,1.243,May 13 2022 23: +0
63,1.24,May 14 2022 00: +0
103,1.26,May 14 2022 01: +0
54,1.26,May 14 2022 02: +0
31,1.26,May 14 2022 03: +0
108,1.26,May 14 2022 04: +0
44,1.27,May 14 2022 05: +0
70,1.271,May 14 2022 06: +0
57,1.269,May 14 2022 07: +0
31,1.27,May 14 2022 08: +0
7,1.24,May 14 2022 09: +0
30,1.233,May 14 2022 10: +0
53,1.222,May 14 2022 11: +0
60,1.26,May 14 2022 12: +0
17,1.18,May 14 2022 13: +0
213,1.201,May 14 2022 14: +0
33,1.263,May 14 2022 15: +0
147,1.273,May 14 2022 16: +0
29,1.222,May 14 2022 17: +0
18,1.19,May 14 2022 18: +0
32,1.198,May 14 2022 19: +0
55,1.206,May 14 2022 20: +0
26,1.222,May 14 2022 21: +0
66,1.23,May 14 2022 22: +0
55,1.26,May 14 2022 23: +0
46,1.27,May 15 2022 00: +0
55,1.273,May 15 2022 01: +0
24,1.27,May 15 2022 02: +0
75,1.271,May 15 2022 03: +0
57,1.26,May 15 2022 04: +0
56,1.276,May 15 2022 05: +0
83,1.27,May 15 2022 06: +0
64,1.28,May 15 2022 07: +0
20,1.27,May 15 2022 08: +0
25,1.262,May 15 2022 09: +0
24,1.212,May 15 2022 10: +0
35,1.222,May 15 2022 11: +0
56,1.249,May 15 2022 12: +0
98,1.243,May 15 2022 13: +0
80,1.256,May 15 2022 14: +0
82,1.254,May 15 2022 15: +0
62,1.266,May 15 2022 16: +0
199,1.283,May 15 2022 17: +0
95,1.28,May 15 2022 18: +0
71,1.274,May 15 2022 19: +0
57,1.282,May 15 2022 20: +0
98,1.278,May 15 2022 21: +0
52,1.241,May 15 2022 22: +0
45,1.24,May 15 2022 23: +0
29,1.24,May 16 2022 00: +0
98,1.27,May 16 2022 01: +0
35,1.28,May 16 2022 02: +0
57,1.273,May 16 2022 03: +0
45,1.276,May 16 2022 04: +0
36,1.276,May 16 2022 05: +0
134,1.26,May 16 2022 06: +0
40,1.259,May 16 2022 07: +0
45,1.253,May 16 2022 08: +0
20,1.24,May 16 2022 09: +0
30,1.232,May 16 2022 10: +0
45,1.16,May 16 2022 11: +0
81,1.23,May 16 2022 12: +0
27,1.259,May 16 2022 13: +0
363,1.26,May 16 2022 14: +0
17,1.19,May 16 2022 15: +0
77,1.274,May 16 2022 16: +0
97,1.201,May 16 2022 17: +0
41,1.192,May 16 2022 18: +0
49,1.201,May 16 2022 19: +0
55,1.21,May 16 2022 20: +0
28,1.203,May 16 2022 21: +0
84,1.223,May 16 2022 22: +0
53,1.234,May 16 2022 23: +0
39,1.219,May 17 2022 00: +0
15,1.222,May 17 2022 01: +0
42,1.24,May 17 2022 02: +0
9,1.24,May 17 2022 03: +0
178,1.248,May 17 2022 04: +0
63,1.24,May 17 2022 05: +0
79,1.24,May 17 2022 06: +0
71,1.26,May 17 2022 07: +0
24,1.241,May 17 2022 08: +0
32,1.252,May 17 2022 09: +0
52,1.248,May 17 2022 10: +0
62,1.27,May 17 2022 11: +0
59,1.272,May 17 2022 12: +0
85,1.276,May 17 2022 13: +0
172,1.252,May 17 2022 14: +0
103,1.28,May 17 2022 15: +0
126,1.246,May 17 2022 16: +0
63,1.28,May 17 2022 17: +0
57,1.278,May 17 2022 18: +0
73,1.28,May 17 2022 19: +0
40,1.25,May 17 2022 20: +0
66,1.248,May 17 2022 21: +0
40,1.261,May 17 2022 22: +0
20,1.249,May 17 2022 23: +0
34,1.21,May 18 2022 00: +0
22,1.19,May 18 2022 01: +0
50,1.245,May 18 2022 02: +0
53,1.288,May 18 2022 03: +0
90,1.3,May 18 2022 04: +0
28,1.292,May 18 2022 05: +0
33,1.3,May 18 2022 06: +0
71,1.295,May 18 2022 07: +0
133,1.3,May 18 2022 08: +0
18,1.3,May 18 2022 09: +0
50,1.29,May 18 2022 10: +0
97,1.3,May 18 2022 11: +0
57,1.274,May 18 2022 12: +0
57,1.267,May 18 2022 13: +0
69,1.216,May 18 2022 14: +0
66,1.162,May 18 2022 15: +0
83,1.283,May 18 2022 16: +0
47,1.274,May 18 2022 17: +0
69,1.284,May 18 2022 18: +0
51,1.28,May 18 2022 19: +0
70,1.27,May 18 2022 20: +0
98,1.277,May 18 2022 21: +0
45,1.21,May 18 2022 22: +0
38,1.209,May 18 2022 23: +0
47,1.207,May 19 2022 00: +0
77,1.207,May 19 2022 01: +0
66,1.26,May 19 2022 02: +0
22,1.26,May 19 2022 03: +0
47,1.26,May 19 2022 04: +0
36,1.27,May 19 2022 05: +0
22,1.28,May 19 2022 06: +0
17,1.272,May 19 2022 07: +0
19,1.278,May 19 2022 08: +0
38,1.266,May 19 2022 09: +0
31,1.262,May 19 2022 10: +0
5,1.22,May 19 2022 11: +0
25,1.23,May 19 2022 12: +0
20,1.221,May 19 2022 13: +0
67,1.23,May 19 2022 14: +0
29,1.231,May 19 2022 15: +0
58,1.23,May 19 2022 16: +0
67,1.266,May 19 2022 17: +0
64,1.262,May 19 2022 18: +0
50,1.22,May 19 2022 19: +0
45,1.203,May 19 2022 20: +0
161,1.24,May 19 2022 21: +0
79,1.286,May 19 2022 22: +0
97,1.297,May 19 2022 23: +0
91,1.3,May 20 2022 00: +0
46,1.295,May 20 2022 01: +0
46,1.297,May 20 2022 02: +0
56,1.3,May 20 2022 03: +0
74,1.3,May 20 2022 04: +0
57,1.3,May 20 2022 05: +0
68,1.293,May 20 2022 06: +0
38,1.29,May 20 2022 07: +0
62,1.253,May 20 2022 08: +0
16,1.275,May 20 2022 09: +0
28,1.278,May 20 2022 10: +0
17,1.297,May 20 2022 11: +0
107,1.286,May 20 2022 12: +0
61,1.297,May 20 2022 13: +0
66,1.29,May 20 2022 14: +0
61,1.295,May 20 2022 15: +0
70,1.297,May 20 2022 16: +0
96,1.3,May 20 2022 17: +0
93,1.3,May 20 2022 18: +0
165,1.297,May 20 2022 19: +0
78,1.285,May 20 2022 20: +0
115,1.3,May 20 2022 21: +0
78,1.3,May 20 2022 22: +0
138,1.3,May 20 2022 23: +0
70,1.298,May 21 2022 00: +0
61,1.286,May 21 2022 01: +0
66,1.298,May 21 2022 02: +0
43,1.3,May 21 2022 03: +0
28,1.3,May 21 2022 04: +0
106,1.31,May 21 2022 05: +0
48,1.31,May 21 2022 06: +0
40,1.27,May 21 2022 07: +0
20,1.311,May 21 2022 08: +0
23,1.247,May 21 2022 09: +0
117,1.309,May 21 2022 10: +0
47,1.292,May 21 2022 11: +0
35,1.214,May 21 2022 12: +0
74,1.221,May 21 2022 13: +0
41,1.246,May 21 2022 14: +0
29,1.26,May 21 2022 15: +0
115,1.303,May 21 2022 16: +0
52,1.3,May 21 2022 17: +0
50,1.287,May 21 2022 18: +0
146,1.238,May 21 2022 19: +0
48,1.299,May 21 2022 20: +0
61,1.292,May 21 2022 21: +0
37,1.298,May 21 2022 22: +0
111,1.214,May 21 2022 23: +0
72,1.309,May 22 2022 00: +0
73,1.31,May 22 2022 01: +0
42,1.298,May 22 2022 02: +0
45,1.309,May 22 2022 03: +0
48,1.31,May 22 2022 04: +0
39,1.316,May 22 2022 05: +0
73,1.233,May 22 2022 06: +0
23,1.31,May 22 2022 07: +0
42,1.274,May 22 2022 08: +0
25,1.309,May 22 2022 09: +0
24,1.309,May 22 2022 10: +0
34,1.262,May 22 2022 11: +0
57,1.219,May 22 2022 12: +0
48,1.26,May 22 2022 13: +0
62,1.255,May 22 2022 14: +0
30,1.22,May 22 2022 15: +0
45,1.235,May 22 2022 16: +0
66,1.258,May 22 2022 17: +0
91,1.248,May 22 2022 18: +0
59,1.256,May 22 2022 19: +0
69,1.267,May 22 2022 20: +0
49,1.28,May 22 2022 21: +0
41,1.21,May 22 2022 22: +0
96,1.214,May 22 2022 23: +0
53,1.279,May 23 2022 00: +0
47,1.277,May 23 2022 01: +0
56,1.28,May 23 2022 02: +0
99,1.283,May 23 2022 03: +0
101,1.31,May 23 2022 04: +0
,1.31,May 23 2022 04:59:57
,1.31,May 23 2022 05:02:25
85,1.31,May 23 2022 05: +0
,1.31,May 23 2022 05:35:21
,1.31,May 23 2022 05:36:26
