,0.40,May 22 2022 04:24:20
,0.40,May 22 2022 04:34:13
13550,0.946,Oct 29 2021 01: +0
39363,0.851,Oct 30 2021 01: +0
22979,0.926,Oct 31 2021 01: +0
12980,0.995,Nov 01 2021 01: +0
10173,1.021,Nov 02 2021 01: +0
12138,1.012,Nov 03 2021 01: +0
5306,1.122,Nov 04 2021 01: +0
1966,1.357,Nov 05 2021 01: +0
1411,1.311,Nov 06 2021 01: +0
2188,1.334,Nov 07 2021 01: +0
1152,1.495,Nov 08 2021 01: +0
722,1.549,Nov 09 2021 01: +0
1704,1.594,Nov 10 2021 01: +0
893,1.595,Nov 11 2021 01: +0
871,1.394,Nov 12 2021 01: +0
661,1.24,Nov 13 2021 01: +0
511,1.169,Nov 14 2021 01: +0
548,1.131,Nov 15 2021 01: +0
952,1.115,Nov 16 2021 01: +0
989,1.061,Nov 17 2021 01: +0
934,1.013,Nov 18 2021 01: +0
800,1.021,Nov 19 2021 01: +0
993,1.016,Nov 20 2021 01: +0
639,1.075,Nov 21 2021 01: +0
345,1.106,Nov 22 2021 01: +0
652,1.05,Nov 23 2021 01: +0
1054,0.964,Nov 24 2021 01: +0
781,0.932,Nov 25 2021 01: +0
791,0.924,Nov 26 2021 01: +0
667,1.006,Nov 27 2021 01: +0
411,0.995,Nov 28 2021 01: +0
436,1.018,Nov 29 2021 01: +0
7740,0.499,Nov 30 2021 01: +0
2411,0.511,Dec 01 2021 01: +0
1933,0.526,Dec 02 2021 01: +0
1157,0.587,Dec 03 2021 01: +0
1322,0.686,Dec 04 2021 01: +0
898,0.637,Dec 05 2021 01: +0
973,0.614,Dec 06 2021 01: +0
43817,0.379,Dec 07 2021 01: +0
67603,0.265,Dec 08 2021 01: +0
74783,0.262,Dec 09 2021 01: +0
93259,0.26,Dec 10 2021 01: +0
56772,0.266,Dec 11 2021 01: +0
72449,0.264,Dec 12 2021 01: +0
51773,0.263,Dec 13 2021 01: +0
49923,0.262,Dec 14 2021 01: +0
53023,0.262,Dec 15 2021 01: +0
54474,0.262,Dec 16 2021 01: +0
81714,0.257,Dec 17 2021 01: +0
107476,0.243,Dec 18 2021 01: +0
123542,0.242,Dec 19 2021 01: +0
113060,0.246,Dec 20 2021 01: +0
88572,0.241,Dec 21 2021 01: +0
22393,0.268,Dec 22 2021 01: +0
18773,0.261,Dec 23 2021 01: +0
20648,0.261,Dec 24 2021 01: +0
15620,0.261,Dec 25 2021 01: +0
20738,0.258,Dec 26 2021 01: +0
29793,0.251,Dec 27 2021 01: +0
25686,0.249,Dec 28 2021 01: +0
29523,0.253,Dec 29 2021 01: +0
34066,0.256,Dec 30 2021 01: +0
39350,0.251,Dec 31 2021 01: +0
45060,0.252,Jan 01 2022 01: +0
41427,0.252,Jan 02 2022 01: +0
38431,0.251,Jan 03 2022 01: +0
30347,0.25,Jan 04 2022 01: +0
33599,0.254,Jan 05 2022 01: +0
34019,0.259,Jan 06 2022 01: +0
33131,0.258,Jan 07 2022 01: +0
38095,0.261,Jan 08 2022 01: +0
33253,0.258,Jan 09 2022 01: +0
29429,0.253,Jan 10 2022 01: +0
19894,0.255,Jan 11 2022 01: +0
27392,0.251,Jan 12 2022 01: +0
26398,0.252,Jan 13 2022 01: +0
29216,0.254,Jan 14 2022 01: +0
34331,0.254,Jan 15 2022 01: +0
20942,0.255,Jan 16 2022 01: +0
19864,0.252,Jan 17 2022 01: +0
108721,0.283,Jan 18 2022 01: +0
71916,0.289,Jan 19 2022 01: +0
64883,0.287,Jan 20 2022 01: +0
88426,0.284,Jan 21 2022 01: +0
88420,0.287,Jan 22 2022 01: +0
76314,0.295,Jan 23 2022 01: +0
63870,0.3,Jan 24 2022 01: +0
80525,0.313,Jan 25 2022 01: +0
64714,0.321,Jan 26 2022 01: +0
57971,0.32,Jan 27 2022 01: +0
60596,0.309,Jan 28 2022 01: +0
72423,0.311,Jan 29 2022 01: +0
64962,0.306,Jan 30 2022 01: +0
69697,0.299,Jan 31 2022 01: +0
61831,0.3,Feb 01 2022 01: +0
71132,0.294,Feb 02 2022 01: +0
80099,0.285,Feb 03 2022 01: +0
88660,0.275,Feb 04 2022 01: +0
90003,0.28,Feb 05 2022 01: +0
79185,0.29,Feb 06 2022 01: +0
69214,0.302,Feb 07 2022 01: +0
63979,0.301,Feb 08 2022 01: +0
64483,0.301,Feb 09 2022 01: +0
63878,0.301,Feb 10 2022 01: +0
70559,0.298,Feb 11 2022 01: +0
72668,0.298,Feb 12 2022 01: +0
71167,0.3,Feb 13 2022 01: +0
63470,0.301,Feb 14 2022 01: +0
70229,0.307,Feb 15 2022 01: +0
67738,0.33,Feb 16 2022 01: +0
50765,0.34,Feb 17 2022 01: +0
57490,0.335,Feb 18 2022 01: +0
59803,0.337,Feb 19 2022 01: +0
61838,0.342,Feb 20 2022 01: +0
54794,0.351,Feb 21 2022 01: +0
68016,0.363,Feb 22 2022 01: +0
118556,0.405,Feb 23 2022 01: +0
50107,0.437,Feb 24 2022 01: +0
48965,0.433,Feb 25 2022 01: +0
49466,0.43,Feb 26 2022 01: +0
43052,0.428,Feb 27 2022 01: +0
45342,0.392,Feb 28 2022 01: +0
39407,0.37,Mar 01 2022 01: +0
32820,0.396,Mar 02 2022 01: +0
32547,0.41,Mar 03 2022 01: +0
36414,0.405,Mar 04 2022 01: +0
41839,0.406,Mar 05 2022 01: +0
43348,0.405,Mar 06 2022 01: +0
28146,0.395,Mar 07 2022 01: +0
44803,0.364,Mar 08 2022 01: +0
31151,0.382,Mar 09 2022 01: +0
36319,0.376,Mar 10 2022 01: +0
33790,0.398,Mar 11 2022 01: +0
40490,0.404,Mar 12 2022 01: +0
33119,0.405,Mar 13 2022 01: +0
29583,0.406,Mar 14 2022 01: +0
27786,0.407,Mar 15 2022 01: +0
50031,0.432,Mar 16 2022 01: +0
53209,0.459,Mar 17 2022 01: +0
34372,0.496,Mar 18 2022 01: +0
40128,0.52,Mar 19 2022 01: +0
21069,0.558,Mar 20 2022 01: +0
47138,0.564,Mar 21 2022 01: +0
31554,0.667,Mar 22 2022 01: +0
21779,0.693,Mar 23 2022 01: +0
25855,0.633,Mar 24 2022 01: +0
17822,0.606,Mar 25 2022 01: +0
17615,0.59,Mar 26 2022 01: +0
21088,0.585,Mar 27 2022 01: +0
19386,0.582,Mar 28 2022 01: +0
23462,0.54,Mar 29 2022 01: +0
20275,0.544,Mar 30 2022 01: +0
14465,0.555,Mar 31 2022 01: +0
15435,0.558,Apr 01 2022 01: +0
26985,0.559,Apr 02 2022 01: +0
22064,0.556,Apr 03 2022 01: +0
18316,0.556,Apr 04 2022 01: +0
19351,0.552,Apr 05 2022 01: +0
16683,0.541,Apr 06 2022 01: +0
32114,0.528,Apr 07 2022 01: +0
19092,0.536,Apr 08 2022 01: +0
25424,0.551,Apr 09 2022 01: +0
17882,0.569,Apr 10 2022 01: +0
17795,0.565,Apr 11 2022 01: +0
20313,0.55,Apr 12 2022 01: +0
30122,0.547,Apr 13 2022 01: +0
28185,0.531,Apr 14 2022 01: +0
28209,0.537,Apr 15 2022 01: +0
26341,0.53,Apr 16 2022 01: +0
27343,0.548,Apr 17 2022 01: +0
25114,0.542,Apr 18 2022 01: +0
21222,0.543,Apr 19 2022 01: +0
19734,0.543,Apr 20 2022 01: +0
25466,0.549,Apr 21 2022 01: +0
18561,0.567,Apr 22 2022 01: +0
2678,0.566,Apr 23 2022 01: +0
274,0.57,Apr 23 2022 06: +0
425,0.57,Apr 23 2022 07: +0
406,0.57,Apr 23 2022 08: +0
563,0.587,Apr 23 2022 09: +0
548,0.588,Apr 23 2022 10: +0
813,0.589,Apr 23 2022 11: +0
723,0.591,Apr 23 2022 12: +0
593,0.596,Apr 23 2022 13: +0
737,0.584,Apr 23 2022 14: +0
621,0.584,Apr 23 2022 15: +0
595,0.58,Apr 23 2022 16: +0
615,0.584,Apr 23 2022 17: +0
914,0.575,Apr 23 2022 18: +0
801,0.573,Apr 23 2022 19: +0
849,0.56,Apr 23 2022 20: +0
890,0.572,Apr 23 2022 21: +0
955,0.573,Apr 23 2022 22: +0
822,0.573,Apr 23 2022 23: +0
519,0.573,Apr 24 2022 00: +0
889,0.53,Apr 24 2022 01: +0
443,0.573,Apr 24 2022 02: +0
270,0.571,Apr 24 2022 03: +0
207,0.57,Apr 24 2022 04: +0
412,0.572,Apr 24 2022 05: +0
300,0.573,Apr 24 2022 06: +0
984,0.55,Apr 24 2022 07: +0
1003,0.562,Apr 24 2022 08: +0
740,0.575,Apr 24 2022 09: +0
749,0.575,Apr 24 2022 10: +0
793,0.578,Apr 24 2022 11: +0
8216,0.587,Apr 24 2022 12: +0
11371,0.62,Apr 24 2022 13: +0
2667,0.677,Apr 24 2022 14: +0
3497,0.667,Apr 24 2022 15: +0
2731,0.66,Apr 24 2022 16: +0
2212,0.649,Apr 24 2022 17: +0
1928,0.649,Apr 24 2022 18: +0
3900,0.647,Apr 24 2022 19: +0
3482,0.627,Apr 24 2022 20: +0
2783,0.627,Apr 24 2022 21: +0
1429,0.63,Apr 24 2022 22: +0
926,0.629,Apr 24 2022 23: +0
541,0.629,Apr 25 2022 00: +0
513,0.62,Apr 25 2022 01: +0
734,0.621,Apr 25 2022 02: +0
432,0.624,Apr 25 2022 03: +0
615,0.621,Apr 25 2022 04: +0
1005,0.621,Apr 25 2022 05: +0
786,0.628,Apr 25 2022 06: +0
659,0.624,Apr 25 2022 07: +0
1032,0.616,Apr 25 2022 08: +0
837,0.624,Apr 25 2022 09: +0
800,0.624,Apr 25 2022 10: +0
1524,0.609,Apr 25 2022 11: +0
1392,0.597,Apr 25 2022 12: +0
1140,0.622,Apr 25 2022 13: +0
2348,0.59,Apr 25 2022 14: +0
1051,0.612,Apr 25 2022 15: +0
1253,0.612,Apr 25 2022 16: +0
991,0.616,Apr 25 2022 17: +0
1361,0.618,Apr 25 2022 18: +0
1174,0.625,Apr 25 2022 19: +0
892,0.627,Apr 25 2022 20: +0
1104,0.626,Apr 25 2022 21: +0
868,0.614,Apr 25 2022 22: +0
763,0.611,Apr 25 2022 23: +0
577,0.604,Apr 26 2022 00: +0
548,0.61,Apr 26 2022 01: +0
461,0.61,Apr 26 2022 02: +0
553,0.612,Apr 26 2022 03: +0
424,0.61,Apr 26 2022 04: +0
384,0.61,Apr 26 2022 05: +0
1940,0.608,Apr 26 2022 06: +0
3353,0.608,Apr 26 2022 07: +0
2356,0.608,Apr 26 2022 08: +0
2697,0.608,Apr 26 2022 09: +0
2105,0.608,Apr 26 2022 10: +0
5501,0.608,Apr 26 2022 11: +0
1737,0.6,Apr 26 2022 12: +0
1167,0.604,Apr 26 2022 13: +0
850,0.604,Apr 26 2022 14: +0
1407,0.598,Apr 26 2022 15: +0
1359,0.59,Apr 26 2022 16: +0
2696,0.58,Apr 26 2022 17: +0
1537,0.579,Apr 26 2022 18: +0
1163,0.591,Apr 26 2022 19: +0
993,0.592,Apr 26 2022 20: +0
922,0.587,Apr 26 2022 21: +0
884,0.592,Apr 26 2022 22: +0
317,0.585,Apr 26 2022 23: +0
495,0.58,Apr 27 2022 00: +0
276,0.587,Apr 27 2022 01: +0
276,0.584,Apr 27 2022 02: +0
242,0.58,Apr 27 2022 03: +0
224,0.578,Apr 27 2022 04: +0
170,0.58,Apr 27 2022 05: +0
234,0.574,Apr 27 2022 06: +0
3772,0.55,Apr 27 2022 07: +0
2230,0.54,Apr 27 2022 08: +0
844,0.573,Apr 27 2022 09: +0
1624,0.564,Apr 27 2022 10: +0
951,0.57,Apr 27 2022 11: +0
1166,0.571,Apr 27 2022 12: +0
2046,0.566,Apr 27 2022 13: +0
1892,0.568,Apr 27 2022 14: +0
1412,0.573,Apr 27 2022 15: +0
1372,0.57,Apr 27 2022 16: +0
1275,0.571,Apr 27 2022 17: +0
1974,0.572,Apr 27 2022 18: +0
1320,0.571,Apr 27 2022 19: +0
2091,0.568,Apr 27 2022 20: +0
1840,0.559,Apr 27 2022 21: +0
1102,0.564,Apr 27 2022 22: +0
1190,0.564,Apr 27 2022 23: +0
535,0.571,Apr 28 2022 00: +0
370,0.575,Apr 28 2022 01: +0
230,0.574,Apr 28 2022 02: +0
188,0.572,Apr 28 2022 03: +0
297,0.57,Apr 28 2022 04: +0
281,0.57,Apr 28 2022 05: +0
169,0.574,Apr 28 2022 06: +0
1448,0.559,Apr 28 2022 07: +0
1407,0.55,Apr 28 2022 08: +0
921,0.559,Apr 28 2022 09: +0
613,0.559,Apr 28 2022 10: +0
889,0.567,Apr 28 2022 11: +0
840,0.566,Apr 28 2022 12: +0
925,0.566,Apr 28 2022 13: +0
945,0.565,Apr 28 2022 14: +0
1963,0.565,Apr 28 2022 15: +0
2548,0.569,Apr 28 2022 16: +0
2784,0.559,Apr 28 2022 17: +0
2246,0.572,Apr 28 2022 18: +0
2529,0.574,Apr 28 2022 19: +0
2282,0.582,Apr 28 2022 20: +0
2231,0.562,Apr 28 2022 21: +0
2001,0.577,Apr 28 2022 22: +0
712,0.579,Apr 28 2022 23: +0
387,0.578,Apr 29 2022 00: +0
507,0.579,Apr 29 2022 01: +0
617,0.575,Apr 29 2022 02: +0
410,0.574,Apr 29 2022 03: +0
711,0.55,Apr 29 2022 04: +0
505,0.569,Apr 29 2022 05: +0
2025,0.556,Apr 29 2022 06: +0
2945,0.57,Apr 29 2022 07: +0
1968,0.562,Apr 29 2022 08: +0
1554,0.566,Apr 29 2022 09: +0
964,0.566,Apr 29 2022 10: +0
771,0.566,Apr 29 2022 11: +0
858,0.566,Apr 29 2022 12: +0
738,0.563,Apr 29 2022 13: +0
871,0.56,Apr 29 2022 14: +0
3196,0.556,Apr 29 2022 15: +0
2826,0.55,Apr 29 2022 16: +0
2337,0.565,Apr 29 2022 17: +0
1962,0.567,Apr 29 2022 18: +0
1385,0.562,Apr 29 2022 19: +0
2104,0.562,Apr 29 2022 20: +0
2227,0.57,Apr 29 2022 21: +0
1625,0.57,Apr 29 2022 22: +0
1667,0.571,Apr 29 2022 23: +0
976,0.558,Apr 30 2022 00: +0
805,0.569,Apr 30 2022 01: +0
772,0.566,Apr 30 2022 02: +0
628,0.565,Apr 30 2022 03: +0
234,0.566,Apr 30 2022 04: +0
230,0.57,Apr 30 2022 05: +0
775,0.558,Apr 30 2022 06: +0
1096,0.558,Apr 30 2022 07: +0
1202,0.558,Apr 30 2022 08: +0
1057,0.563,Apr 30 2022 09: +0
1056,0.564,Apr 30 2022 10: +0
836,0.564,Apr 30 2022 11: +0
1382,0.56,Apr 30 2022 12: +0
920,0.571,Apr 30 2022 13: +0
887,0.577,Apr 30 2022 14: +0
685,0.579,Apr 30 2022 15: +0
812,0.585,Apr 30 2022 16: +0
1113,0.581,Apr 30 2022 17: +0
1127,0.584,Apr 30 2022 18: +0
954,0.584,Apr 30 2022 19: +0
1341,0.584,Apr 30 2022 20: +0
1517,0.585,Apr 30 2022 21: +0
1073,0.584,Apr 30 2022 22: +0
1234,0.585,Apr 30 2022 23: +0
551,0.596,May 01 2022 00: +0
651,0.598,May 01 2022 01: +0
336,0.596,May 01 2022 02: +0
394,0.596,May 01 2022 03: +0
472,0.596,May 01 2022 04: +0
298,0.596,May 01 2022 05: +0
313,0.596,May 01 2022 06: +0
932,0.579,May 01 2022 07: +0
696,0.59,May 01 2022 08: +0
1036,0.586,May 01 2022 09: +0
942,0.586,May 01 2022 10: +0
942,0.585,May 01 2022 11: +0
1029,0.584,May 01 2022 12: +0
1191,0.584,May 01 2022 13: +0
1526,0.596,May 01 2022 14: +0
1317,0.6,May 01 2022 15: +0
1098,0.605,May 01 2022 16: +0
1181,0.603,May 01 2022 17: +0
874,0.605,May 01 2022 18: +0
1158,0.606,May 01 2022 19: +0
3272,0.606,May 01 2022 20: +0
2285,0.61,May 01 2022 21: +0
1372,0.61,May 01 2022 22: +0
744,0.617,May 01 2022 23: +0
693,0.62,May 02 2022 00: +0
608,0.62,May 02 2022 01: +0
593,0.628,May 02 2022 02: +0
634,0.641,May 02 2022 03: +0
259,0.642,May 02 2022 04: +0
274,0.642,May 02 2022 05: +0
1752,0.63,May 02 2022 06: +0
1857,0.642,May 02 2022 07: +0
1368,0.64,May 02 2022 08: +0
694,0.622,May 02 2022 09: +0
657,0.622,May 02 2022 10: +0
608,0.622,May 02 2022 11: +0
537,0.622,May 02 2022 12: +0
644,0.622,May 02 2022 13: +0
828,0.622,May 02 2022 14: +0
955,0.62,May 02 2022 15: +0
1337,0.621,May 02 2022 16: +0
1022,0.612,May 02 2022 17: +0
1096,0.616,May 02 2022 18: +0
1072,0.61,May 02 2022 19: +0
1085,0.617,May 02 2022 20: +0
1792,0.62,May 02 2022 21: +0
946,0.638,May 02 2022 22: +0
1121,0.641,May 02 2022 23: +0
748,0.641,May 03 2022 00: +0
267,0.64,May 03 2022 01: +0
240,0.648,May 03 2022 02: +0
202,0.64,May 03 2022 03: +0
199,0.63,May 03 2022 04: +0
206,0.63,May 03 2022 05: +0
411,0.609,May 03 2022 06: +0
303,0.63,May 03 2022 07: +0
247,0.63,May 03 2022 08: +0
992,0.622,May 03 2022 09: +0
1123,0.62,May 03 2022 10: +0
1212,0.63,May 03 2022 11: +0
1219,0.63,May 03 2022 12: +0
967,0.62,May 03 2022 13: +0
1360,0.627,May 03 2022 14: +0
2001,0.63,May 03 2022 15: +0
1494,0.641,May 03 2022 16: +0
1718,0.644,May 03 2022 17: +0
2127,0.641,May 03 2022 18: +0
1436,0.65,May 03 2022 19: +0
2144,0.65,May 03 2022 20: +0
892,0.655,May 03 2022 21: +0
581,0.653,May 03 2022 22: +0
2644,0.559,May 03 2022 23: +0
2355,0.534,May 04 2022 00: +0
3595,0.52,May 04 2022 01: +0
8434,0.49,May 04 2022 02: +0
4490,0.485,May 04 2022 03: +0
1700,0.485,May 04 2022 04: +0
1731,0.485,May 04 2022 05: +0
2105,0.483,May 04 2022 06: +0
3458,0.481,May 04 2022 07: +0
2609,0.507,May 04 2022 08: +0
2274,0.519,May 04 2022 09: +0
1963,0.539,May 04 2022 10: +0
1150,0.556,May 04 2022 11: +0
1175,0.575,May 04 2022 12: +0
899,0.573,May 04 2022 13: +0
787,0.568,May 04 2022 14: +0
812,0.567,May 04 2022 15: +0
896,0.549,May 04 2022 16: +0
796,0.561,May 04 2022 17: +0
874,0.565,May 04 2022 18: +0
1002,0.565,May 04 2022 19: +0
1061,0.559,May 04 2022 20: +0
1010,0.539,May 04 2022 21: +0
688,0.558,May 04 2022 22: +0
438,0.548,May 04 2022 23: +0
400,0.558,May 05 2022 00: +0
284,0.556,May 05 2022 01: +0
519,0.569,May 05 2022 02: +0
914,0.574,May 05 2022 03: +0
980,0.575,May 05 2022 04: +0
306,0.564,May 05 2022 05: +0
182,0.57,May 05 2022 06: +0
149,0.573,May 05 2022 07: +0
201,0.57,May 05 2022 08: +0
180,0.57,May 05 2022 09: +0
258,0.568,May 05 2022 10: +0
434,0.558,May 05 2022 11: +0
739,0.559,May 05 2022 12: +0
997,0.558,May 05 2022 13: +0
978,0.56,May 05 2022 14: +0
977,0.559,May 05 2022 15: +0
1311,0.556,May 05 2022 16: +0
1531,0.545,May 05 2022 17: +0
1161,0.556,May 05 2022 18: +0
1542,0.537,May 05 2022 19: +0
1234,0.538,May 05 2022 20: +0
1013,0.561,May 05 2022 21: +0
665,0.552,May 05 2022 22: +0
370,0.546,May 05 2022 23: +0
362,0.536,May 06 2022 00: +0
425,0.534,May 06 2022 01: +0
504,0.522,May 06 2022 02: +0
443,0.533,May 06 2022 03: +0
635,0.53,May 06 2022 04: +0
565,0.53,May 06 2022 05: +0
1232,0.53,May 06 2022 06: +0
933,0.53,May 06 2022 07: +0
413,0.54,May 06 2022 08: +0
597,0.54,May 06 2022 09: +0
518,0.54,May 06 2022 10: +0
566,0.535,May 06 2022 11: +0
658,0.533,May 06 2022 12: +0
577,0.533,May 06 2022 13: +0
951,0.52,May 06 2022 14: +0
540,0.539,May 06 2022 15: +0
567,0.535,May 06 2022 16: +0
555,0.538,May 06 2022 17: +0
484,0.54,May 06 2022 18: +0
593,0.533,May 06 2022 19: +0
555,0.541,May 06 2022 20: +0
871,0.539,May 06 2022 21: +0
926,0.539,May 06 2022 22: +0
459,0.539,May 06 2022 23: +0
261,0.54,May 07 2022 00: +0
123,0.537,May 07 2022 01: +0
123,0.534,May 07 2022 02: +0
131,0.534,May 07 2022 03: +0
180,0.538,May 07 2022 04: +0
148,0.54,May 07 2022 05: +0
249,0.536,May 07 2022 06: +0
184,0.539,May 07 2022 07: +0
264,0.539,May 07 2022 08: +0
445,0.529,May 07 2022 09: +0
408,0.537,May 07 2022 10: +0
576,0.537,May 07 2022 11: +0
965,0.524,May 07 2022 12: +0
891,0.523,May 07 2022 13: +0
1179,0.531,May 07 2022 14: +0
850,0.523,May 07 2022 15: +0
913,0.529,May 07 2022 16: +0
630,0.53,May 07 2022 17: +0
593,0.52,May 07 2022 18: +0
934,0.517,May 07 2022 19: +0
939,0.515,May 07 2022 20: +0
800,0.513,May 07 2022 21: +0
1100,0.51,May 07 2022 22: +0
668,0.511,May 07 2022 23: +0
460,0.518,May 08 2022 00: +0
253,0.518,May 08 2022 01: +0
224,0.521,May 08 2022 02: +0
145,0.524,May 08 2022 03: +0
150,0.52,May 08 2022 04: +0
139,0.52,May 08 2022 05: +0
161,0.514,May 08 2022 06: +0
211,0.508,May 08 2022 07: +0
750,0.507,May 08 2022 08: +0
509,0.514,May 08 2022 09: +0
499,0.511,May 08 2022 10: +0
712,0.511,May 08 2022 11: +0
969,0.51,May 08 2022 12: +0
1433,0.5,May 08 2022 13: +0
1303,0.507,May 08 2022 14: +0
1511,0.512,May 08 2022 15: +0
1110,0.517,May 08 2022 16: +0
1133,0.51,May 08 2022 17: +0
638,0.516,May 08 2022 18: +0
624,0.516,May 08 2022 19: +0
783,0.5,May 08 2022 20: +0
1217,0.498,May 08 2022 21: +0
1066,0.487,May 08 2022 22: +0
617,0.498,May 08 2022 23: +0
380,0.499,May 09 2022 00: +0
243,0.497,May 09 2022 01: +0
153,0.51,May 09 2022 02: +0
31,0.51,May 09 2022 03: +0
89,0.509,May 09 2022 04: +0
110,0.511,May 09 2022 05: +0
255,0.517,May 09 2022 06: +0
215,0.511,May 09 2022 07: +0
211,0.51,May 09 2022 08: +0
243,0.511,May 09 2022 09: +0
417,0.511,May 09 2022 10: +0
392,0.51,May 09 2022 11: +0
592,0.511,May 09 2022 12: +0
600,0.511,May 09 2022 13: +0
546,0.511,May 09 2022 14: +0
744,0.511,May 09 2022 15: +0
722,0.507,May 09 2022 16: +0
621,0.508,May 09 2022 17: +0
574,0.508,May 09 2022 18: +0
529,0.508,May 09 2022 19: +0
771,0.506,May 09 2022 20: +0
725,0.507,May 09 2022 21: +0
468,0.505,May 09 2022 22: +0
374,0.504,May 09 2022 23: +0
246,0.504,May 10 2022 00: +0
254,0.496,May 10 2022 01: +0
219,0.506,May 10 2022 02: +0
133,0.504,May 10 2022 03: +0
82,0.497,May 10 2022 04: +0
123,0.504,May 10 2022 05: +0
85,0.491,May 10 2022 06: +0
267,0.504,May 10 2022 07: +0
344,0.498,May 10 2022 08: +0
492,0.496,May 10 2022 09: +0
412,0.494,May 10 2022 10: +0
856,0.482,May 10 2022 11: +0
696,0.498,May 10 2022 12: +0
720,0.498,May 10 2022 13: +0
593,0.502,May 10 2022 14: +0
787,0.501,May 10 2022 15: +0
672,0.499,May 10 2022 16: +0
817,0.497,May 10 2022 17: +0
659,0.498,May 10 2022 18: +0
728,0.496,May 10 2022 19: +0
536,0.495,May 10 2022 20: +0
658,0.49,May 10 2022 21: +0
579,0.486,May 10 2022 22: +0
653,0.495,May 10 2022 23: +0
160,0.486,May 11 2022 00: +0
263,0.474,May 11 2022 01: +0
141,0.486,May 11 2022 02: +0
64,0.486,May 11 2022 03: +0
56,0.495,May 11 2022 04: +0
66,0.495,May 11 2022 05: +0
138,0.495,May 11 2022 06: +0
270,0.481,May 11 2022 07: +0
254,0.48,May 11 2022 08: +0
494,0.473,May 11 2022 09: +0
535,0.472,May 11 2022 10: +0
643,0.471,May 11 2022 11: +0
560,0.483,May 11 2022 12: +0
888,0.473,May 11 2022 13: +0
1277,0.46,May 11 2022 14: +0
1362,0.46,May 11 2022 15: +0
917,0.484,May 11 2022 16: +0
1021,0.48,May 11 2022 17: +0
624,0.48,May 11 2022 18: +0
679,0.476,May 11 2022 19: +0
855,0.46,May 11 2022 20: +0
886,0.48,May 11 2022 21: +0
431,0.473,May 11 2022 22: +0
376,0.454,May 11 2022 23: +0
472,0.443,May 12 2022 00: +0
226,0.473,May 12 2022 01: +0
194,0.462,May 12 2022 02: +0
255,0.46,May 12 2022 03: +0
181,0.469,May 12 2022 04: +0
140,0.46,May 12 2022 05: +0
149,0.474,May 12 2022 06: +0
202,0.475,May 12 2022 07: +0
248,0.473,May 12 2022 08: +0
325,0.473,May 12 2022 09: +0
284,0.461,May 12 2022 10: +0
530,0.433,May 12 2022 11: +0
1232,0.43,May 12 2022 12: +0
1257,0.448,May 12 2022 13: +0
1512,0.455,May 12 2022 14: +0
1345,0.461,May 12 2022 15: +0
1068,0.47,May 12 2022 16: +0
712,0.46,May 12 2022 17: +0
747,0.46,May 12 2022 18: +0
1432,0.457,May 12 2022 19: +0
2088,0.427,May 12 2022 20: +0
1221,0.46,May 12 2022 21: +0
738,0.454,May 12 2022 22: +0
384,0.451,May 12 2022 23: +0
291,0.451,May 13 2022 00: +0
251,0.451,May 13 2022 01: +0
211,0.444,May 13 2022 02: +0
84,0.448,May 13 2022 03: +0
153,0.43,May 13 2022 04: +0
312,0.428,May 13 2022 05: +0
1413,0.406,May 13 2022 06: +0
1805,0.412,May 13 2022 07: +0
613,0.466,May 13 2022 08: +0
374,0.463,May 13 2022 09: +0
461,0.453,May 13 2022 10: +0
1159,0.442,May 13 2022 11: +0
1004,0.442,May 13 2022 12: +0
1013,0.442,May 13 2022 13: +0
1108,0.441,May 13 2022 14: +0
1207,0.427,May 13 2022 15: +0
628,0.431,May 13 2022 16: +0
986,0.441,May 13 2022 17: +0
840,0.448,May 13 2022 18: +0
917,0.448,May 13 2022 19: +0
900,0.456,May 13 2022 20: +0
856,0.445,May 13 2022 21: +0
718,0.464,May 13 2022 22: +0
374,0.453,May 13 2022 23: +0
170,0.453,May 14 2022 00: +0
128,0.461,May 14 2022 01: +0
147,0.463,May 14 2022 02: +0
239,0.46,May 14 2022 03: +0
152,0.464,May 14 2022 04: +0
222,0.453,May 14 2022 05: +0
335,0.464,May 14 2022 06: +0
191,0.464,May 14 2022 07: +0
245,0.464,May 14 2022 08: +0
229,0.462,May 14 2022 09: +0
369,0.463,May 14 2022 10: +0
312,0.463,May 14 2022 11: +0
623,0.462,May 14 2022 12: +0
655,0.461,May 14 2022 13: +0
688,0.462,May 14 2022 14: +0
413,0.454,May 14 2022 15: +0
571,0.462,May 14 2022 16: +0
603,0.461,May 14 2022 17: +0
828,0.451,May 14 2022 18: +0
1094,0.424,May 14 2022 19: +0
916,0.46,May 14 2022 20: +0
1235,0.459,May 14 2022 21: +0
1069,0.459,May 14 2022 22: +0
626,0.46,May 14 2022 23: +0
310,0.459,May 15 2022 00: +0
198,0.459,May 15 2022 01: +0
148,0.459,May 15 2022 02: +0
77,0.45,May 15 2022 03: +0
197,0.46,May 15 2022 04: +0
175,0.459,May 15 2022 05: +0
275,0.46,May 15 2022 06: +0
139,0.457,May 15 2022 07: +0
238,0.452,May 15 2022 08: +0
381,0.452,May 15 2022 09: +0
530,0.444,May 15 2022 10: +0
381,0.44,May 15 2022 11: +0
414,0.446,May 15 2022 12: +0
500,0.452,May 15 2022 13: +0
371,0.45,May 15 2022 14: +0
350,0.453,May 15 2022 15: +0
457,0.455,May 15 2022 16: +0
592,0.452,May 15 2022 17: +0
502,0.446,May 15 2022 18: +0
641,0.447,May 15 2022 19: +0
617,0.445,May 15 2022 20: +0
396,0.441,May 15 2022 21: +0
369,0.439,May 15 2022 22: +0
283,0.439,May 15 2022 23: +0
222,0.425,May 16 2022 00: +0
114,0.435,May 16 2022 01: +0
80,0.436,May 16 2022 02: +0
265,0.42,May 16 2022 03: +0
95,0.435,May 16 2022 04: +0
119,0.431,May 16 2022 05: +0
86,0.436,May 16 2022 06: +0
151,0.436,May 16 2022 07: +0
105,0.436,May 16 2022 08: +0
518,0.434,May 16 2022 09: +0
299,0.436,May 16 2022 10: +0
306,0.436,May 16 2022 11: +0
351,0.434,May 16 2022 12: +0
411,0.431,May 16 2022 13: +0
471,0.431,May 16 2022 14: +0
1111,0.425,May 16 2022 15: +0
2425,0.426,May 16 2022 16: +0
1136,0.438,May 16 2022 17: +0
887,0.438,May 16 2022 18: +0
820,0.429,May 16 2022 19: +0
838,0.432,May 16 2022 20: +0
555,0.452,May 16 2022 21: +0
534,0.433,May 16 2022 22: +0
319,0.427,May 16 2022 23: +0
131,0.433,May 17 2022 00: +0
256,0.427,May 17 2022 01: +0
117,0.427,May 17 2022 02: +0
151,0.429,May 17 2022 03: +0
229,0.432,May 17 2022 04: +0
264,0.42,May 17 2022 05: +0
100,0.434,May 17 2022 06: +0
347,0.429,May 17 2022 07: +0
884,0.414,May 17 2022 08: +0
313,0.431,May 17 2022 09: +0
325,0.434,May 17 2022 10: +0
433,0.432,May 17 2022 11: +0
509,0.434,May 17 2022 12: +0
473,0.433,May 17 2022 13: +0
1102,0.43,May 17 2022 14: +0
685,0.432,May 17 2022 15: +0
709,0.431,May 17 2022 16: +0
412,0.431,May 17 2022 17: +0
730,0.429,May 17 2022 18: +0
546,0.431,May 17 2022 19: +0
821,0.433,May 17 2022 20: +0
484,0.426,May 17 2022 21: +0
439,0.432,May 17 2022 22: +0
335,0.434,May 17 2022 23: +0
154,0.432,May 18 2022 00: +0
139,0.431,May 18 2022 01: +0
134,0.427,May 18 2022 02: +0
80,0.43,May 18 2022 03: +0
59,0.435,May 18 2022 04: +0
191,0.423,May 18 2022 05: +0
350,0.425,May 18 2022 06: +0
129,0.429,May 18 2022 07: +0
282,0.421,May 18 2022 08: +0
776,0.413,May 18 2022 09: +0
439,0.424,May 18 2022 10: +0
591,0.421,May 18 2022 11: +0
601,0.421,May 18 2022 12: +0
631,0.421,May 18 2022 13: +0
587,0.419,May 18 2022 14: +0
812,0.419,May 18 2022 15: +0
663,0.421,May 18 2022 16: +0
710,0.421,May 18 2022 17: +0
714,0.42,May 18 2022 18: +0
709,0.418,May 18 2022 19: +0
1032,0.411,May 18 2022 20: +0
1130,0.409,May 18 2022 21: +0
786,0.405,May 18 2022 22: +0
427,0.408,May 18 2022 23: +0
307,0.411,May 19 2022 00: +0
194,0.416,May 19 2022 01: +0
221,0.413,May 19 2022 02: +0
306,0.4,May 19 2022 03: +0
542,0.39,May 19 2022 04: +0
164,0.411,May 19 2022 05: +0
98,0.411,May 19 2022 06: +0
119,0.411,May 19 2022 07: +0
195,0.411,May 19 2022 08: +0
232,0.413,May 19 2022 09: +0
311,0.413,May 19 2022 10: +0
322,0.413,May 19 2022 11: +0
705,0.4,May 19 2022 12: +0
553,0.408,May 19 2022 13: +0
841,0.4,May 19 2022 14: +0
819,0.404,May 19 2022 15: +0
749,0.402,May 19 2022 16: +0
910,0.408,May 19 2022 17: +0
891,0.408,May 19 2022 18: +0
867,0.408,May 19 2022 19: +0
794,0.408,May 19 2022 20: +0
627,0.402,May 19 2022 21: +0
699,0.412,May 19 2022 22: +0
465,0.424,May 19 2022 23: +0
261,0.422,May 20 2022 00: +0
155,0.42,May 20 2022 01: +0
102,0.42,May 20 2022 02: +0
551,0.37,May 20 2022 03: +0
498,0.377,May 20 2022 04: +0
223,0.411,May 20 2022 05: +0
258,0.394,May 20 2022 06: +0
222,0.412,May 20 2022 07: +0
196,0.415,May 20 2022 08: +0
320,0.412,May 20 2022 09: +0
249,0.411,May 20 2022 10: +0
452,0.401,May 20 2022 11: +0
283,0.411,May 20 2022 12: +0
385,0.411,May 20 2022 13: +0
399,0.408,May 20 2022 14: +0
504,0.412,May 20 2022 15: +0
520,0.412,May 20 2022 16: +0
618,0.401,May 20 2022 17: +0
530,0.39,May 20 2022 18: +0
576,0.393,May 20 2022 19: +0
484,0.402,May 20 2022 20: +0
518,0.402,May 20 2022 21: +0
387,0.404,May 20 2022 22: +0
344,0.4,May 20 2022 23: +0
192,0.404,May 21 2022 00: +0
220,0.403,May 21 2022 01: +0
188,0.401,May 21 2022 02: +0
134,0.403,May 21 2022 03: +0
83,0.403,May 21 2022 04: +0
96,0.403,May 21 2022 05: +0
125,0.403,May 21 2022 06: +0
164,0.401,May 21 2022 07: +0
160,0.409,May 21 2022 08: +0
255,0.408,May 21 2022 09: +0
382,0.409,May 21 2022 10: +0
507,0.408,May 21 2022 11: +0
437,0.413,May 21 2022 12: +0
350,0.412,May 21 2022 13: +0
549,0.412,May 21 2022 14: +0
489,0.415,May 21 2022 15: +0
542,0.412,May 21 2022 16: +0
701,0.424,May 21 2022 17: +0
790,0.425,May 21 2022 18: +0
906,0.412,May 21 2022 19: +0
837,0.414,May 21 2022 20: +0
727,0.414,May 21 2022 21: +0
644,0.413,May 21 2022 22: +0
498,0.412,May 21 2022 23: +0
239,0.41,May 22 2022 00: +0
167,0.412,May 22 2022 01: +0
63,0.403,May 22 2022 02: +0
52,0.402,May 22 2022 03: +0
286,0.398,May 22 2022 04: +0
88,0.413,May 22 2022 05: +0
137,0.414,May 22 2022 06: +0
136,0.414,May 22 2022 07: +0
216,0.414,May 22 2022 08: +0
221,0.409,May 22 2022 09: +0
284,0.413,May 22 2022 10: +0
392,0.413,May 22 2022 11: +0
659,0.414,May 22 2022 12: +0
470,0.413,May 22 2022 13: +0
468,0.417,May 22 2022 14: +0
371,0.417,May 22 2022 15: +0
546,0.413,May 22 2022 16: +0
379,0.416,May 22 2022 17: +0
433,0.416,May 22 2022 18: +0
343,0.435,May 22 2022 19: +0
359,0.461,May 22 2022 20: +0
333,0.458,May 22 2022 21: +0
393,0.456,May 22 2022 22: +0
406,0.425,May 22 2022 23: +0
177,0.43,May 23 2022 00: +0
61,0.449,May 23 2022 01: +0
37,0.447,May 23 2022 02: +0
48,0.447,May 23 2022 03: +0
69,0.449,May 23 2022 04: +0
,0.45,May 23 2022 05:00:12
,0.45,May 23 2022 05:02:40
52,0.448,May 23 2022 05: +0
,0.45,May 23 2022 05:35:36
,0.45,May 23 2022 05:36:41
