,0.17,May 22 2022 04:24:20
,0.17,May 22 2022 04:34:13
3343,17.552,May 03 2021 01: +0
88924,10.159,May 04 2021 01: +0
66458,7.097,May 05 2021 01: +0
58019,6.023,May 06 2021 01: +0
60564,5.092,May 07 2021 01: +0
61851,4.641,May 08 2021 01: +0
61051,4.03,May 09 2021 01: +0
57838,3.651,May 10 2021 01: +0
58777,3.686,May 11 2021 01: +0
62317,3.884,May 12 2021 01: +0
59798,3.428,May 13 2021 01: +0
62160,3.206,May 14 2021 01: +0
63244,3.085,May 15 2021 01: +0
63257,2.748,May 16 2021 01: +0
55095,2.657,May 17 2021 01: +0
55596,2.528,May 18 2021 01: +0
57365,2.398,May 19 2021 01: +0
61579,2.311,May 20 2021 01: +0
63127,2.312,May 21 2021 01: +0
64963,2.261,May 22 2021 01: +0
65533,2.07,May 23 2021 01: +0
61958,1.977,May 24 2021 01: +0
58595,1.924,May 25 2021 01: +0
58804,1.917,May 26 2021 01: +0
59521,1.935,May 27 2021 01: +0
62212,1.961,May 28 2021 01: +0
62951,1.922,May 29 2021 01: +0
63233,1.819,May 30 2021 01: +0
61688,1.669,May 31 2021 01: +0
59328,1.641,Jun 01 2021 01: +0
59611,1.594,Jun 02 2021 01: +0
58723,1.588,Jun 03 2021 01: +0
65310,1.456,Jun 04 2021 01: +0
68363,1.454,Jun 05 2021 01: +0
64512,1.474,Jun 06 2021 01: +0
61961,1.415,Jun 07 2021 01: +0
58421,1.407,Jun 08 2021 01: +0
59503,1.45,Jun 09 2021 01: +0
58742,1.442,Jun 10 2021 01: +0
58895,1.466,Jun 11 2021 01: +0
59869,1.493,Jun 12 2021 01: +0
61340,1.424,Jun 13 2021 01: +0
58981,1.382,Jun 14 2021 01: +0
59344,1.348,Jun 15 2021 01: +0
58393,1.319,Jun 16 2021 01: +0
58218,1.314,Jun 17 2021 01: +0
58539,1.33,Jun 18 2021 01: +0
58338,1.314,Jun 19 2021 01: +0
60309,1.246,Jun 20 2021 01: +0
66902,1.094,Jun 21 2021 01: +0
67594,0.964,Jun 22 2021 01: +0
68105,0.917,Jun 23 2021 01: +0
68599,0.879,Jun 24 2021 01: +0
70004,0.824,Jun 25 2021 01: +0
69789,0.881,Jun 26 2021 01: +0
69194,0.907,Jun 27 2021 01: +0
67494,0.883,Jun 28 2021 01: +0
65412,0.905,Jun 29 2021 01: +0
63481,0.909,Jun 30 2021 01: +0
61651,0.903,Jul 01 2021 01: +0
64575,0.956,Jul 02 2021 01: +0
61031,0.932,Jul 03 2021 01: +0
62481,0.935,Jul 04 2021 01: +0
63768,0.92,Jul 05 2021 01: +0
57423,0.914,Jul 06 2021 01: +0
59320,0.878,Jul 07 2021 01: +0
61292,0.837,Jul 08 2021 01: +0
57598,0.831,Jul 09 2021 01: +0
55128,0.834,Jul 10 2021 01: +0
53929,0.814,Jul 11 2021 01: +0
58326,0.771,Jul 12 2021 01: +0
55021,0.748,Jul 13 2021 01: +0
58900,0.713,Jul 14 2021 01: +0
58789,0.687,Jul 15 2021 01: +0
58889,0.671,Jul 16 2021 01: +0
58960,0.71,Jul 17 2021 01: +0
60777,0.717,Jul 18 2021 01: +0
60560,0.727,Jul 19 2021 01: +0
59668,0.748,Jul 20 2021 01: +0
58243,0.746,Jul 21 2021 01: +0
55779,0.75,Jul 22 2021 01: +0
58027,0.773,Jul 23 2021 01: +0
59547,0.791,Jul 24 2021 01: +0
60518,0.796,Jul 25 2021 01: +0
54384,0.786,Jul 26 2021 01: +0
33758,0.814,Jul 27 2021 01: +0
57276,0.796,Jul 28 2021 01: +0
61263,0.738,Jul 29 2021 01: +0
63420,0.721,Jul 30 2021 01: +0
59001,0.769,Jul 31 2021 01: +0
61887,0.774,Aug 01 2021 01: +0
60006,0.748,Aug 02 2021 01: +0
58560,0.752,Aug 03 2021 01: +0
53791,0.747,Aug 04 2021 01: +0
44616,0.765,Aug 05 2021 01: +0
59382,0.728,Aug 06 2021 01: +0
58982,0.729,Aug 07 2021 01: +0
55399,0.714,Aug 08 2021 01: +0
60790,0.691,Aug 09 2021 01: +0
57696,0.684,Aug 10 2021 01: +0
57479,0.68,Aug 11 2021 01: +0
51899,0.673,Aug 12 2021 01: +0
58405,0.658,Aug 13 2021 01: +0
57706,0.644,Aug 14 2021 01: +0
57531,0.627,Aug 15 2021 01: +0
57302,0.597,Aug 16 2021 01: +0
59533,0.577,Aug 17 2021 01: +0
56135,0.572,Aug 18 2021 01: +0
60519,0.569,Aug 19 2021 01: +0
57611,0.573,Aug 20 2021 01: +0
57769,0.597,Aug 21 2021 01: +0
55470,0.576,Aug 22 2021 01: +0
57733,0.542,Aug 23 2021 01: +0
59465,0.517,Aug 24 2021 01: +0
57502,0.529,Aug 25 2021 01: +0
57217,0.522,Aug 26 2021 01: +0
61441,0.527,Aug 27 2021 01: +0
60410,0.533,Aug 28 2021 01: +0
61021,0.547,Aug 29 2021 01: +0
58724,0.534,Aug 30 2021 01: +0
64322,0.557,Aug 31 2021 01: +0
56546,0.565,Sep 01 2021 01: +0
55451,0.564,Sep 02 2021 01: +0
58856,0.571,Sep 03 2021 01: +0
66458,0.569,Sep 04 2021 01: +0
60671,0.559,Sep 05 2021 01: +0
54195,0.557,Sep 06 2021 01: +0
55253,0.551,Sep 07 2021 01: +0
56512,0.551,Sep 08 2021 01: +0
55585,0.551,Sep 09 2021 01: +0
66638,0.56,Sep 10 2021 01: +0
70843,0.567,Sep 11 2021 01: +0
65019,0.555,Sep 12 2021 01: +0
53689,0.545,Sep 13 2021 01: +0
55316,0.534,Sep 14 2021 01: +0
54759,0.541,Sep 15 2021 01: +0
59285,0.524,Sep 16 2021 01: +0
64489,0.513,Sep 17 2021 01: +0
66540,0.504,Sep 18 2021 01: +0
63856,0.494,Sep 19 2021 01: +0
57725,0.489,Sep 20 2021 01: +0
53709,0.482,Sep 21 2021 01: +0
72894,0.288,Sep 22 2021 01: +0
61105,0.244,Sep 23 2021 01: +0
51525,0.228,Sep 24 2021 01: +0
56105,0.212,Sep 25 2021 01: +0
53568,0.197,Sep 26 2021 01: +0
48089,0.195,Sep 27 2021 01: +0
49091,0.189,Sep 28 2021 01: +0
50471,0.183,Sep 29 2021 01: +0
47760,0.172,Sep 30 2021 01: +0
50416,0.165,Oct 01 2021 01: +0
55334,0.156,Oct 02 2021 01: +0
55363,0.148,Oct 03 2021 01: +0
45897,0.141,Oct 04 2021 01: +0
42292,0.132,Oct 05 2021 01: +0
42225,0.118,Oct 06 2021 01: +0
44253,0.11,Oct 07 2021 01: +0
45288,0.111,Oct 08 2021 01: +0
51635,0.114,Oct 09 2021 01: +0
44704,0.108,Oct 10 2021 01: +0
48689,0.114,Oct 11 2021 01: +0
39852,0.104,Oct 12 2021 01: +0
45455,0.106,Oct 13 2021 01: +0
42011,0.097,Oct 14 2021 01: +0
43694,0.097,Oct 15 2021 01: +0
53469,0.097,Oct 16 2021 01: +0
46480,0.1,Oct 17 2021 01: +0
38060,0.097,Oct 18 2021 01: +0
40235,0.088,Oct 19 2021 01: +0
45003,0.089,Oct 20 2021 01: +0
40349,0.091,Oct 21 2021 01: +0
55637,0.072,Oct 22 2021 01: +0
50626,0.059,Oct 23 2021 01: +0
41998,0.059,Oct 24 2021 01: +0
40590,0.056,Oct 25 2021 01: +0
37586,0.052,Oct 26 2021 01: +0
40860,0.052,Oct 27 2021 01: +0
43584,0.05,Oct 28 2021 01: +0
50090,0.058,Oct 29 2021 01: +0
48686,0.054,Oct 30 2021 01: +0
51311,0.052,Oct 31 2021 01: +0
48132,0.048,Nov 01 2021 01: +0
47991,0.055,Nov 02 2021 01: +0
45054,0.057,Nov 03 2021 01: +0
42804,0.06,Nov 04 2021 01: +0
42549,0.058,Nov 05 2021 01: +0
49080,0.057,Nov 06 2021 01: +0
47147,0.05,Nov 07 2021 01: +0
49113,0.051,Nov 08 2021 01: +0
42060,0.052,Nov 09 2021 01: +0
57449,0.047,Nov 10 2021 01: +0
43649,0.044,Nov 11 2021 01: +0
50207,0.043,Nov 12 2021 01: +0
50338,0.047,Nov 13 2021 01: +0
52179,0.045,Nov 14 2021 01: +0
59588,0.054,Nov 15 2021 01: +0
43651,0.045,Nov 16 2021 01: +0
45917,0.045,Nov 17 2021 01: +0
45329,0.042,Nov 18 2021 01: +0
52622,0.043,Nov 19 2021 01: +0
53945,0.046,Nov 20 2021 01: +0
54206,0.044,Nov 21 2021 01: +0
52496,0.049,Nov 22 2021 01: +0
47826,0.048,Nov 23 2021 01: +0
52062,0.051,Nov 24 2021 01: +0
60673,0.053,Nov 25 2021 01: +0
73190,0.06,Nov 26 2021 01: +0
66995,0.064,Nov 27 2021 01: +0
69027,0.065,Nov 28 2021 01: +0
56827,0.068,Nov 29 2021 01: +0
71422,0.06,Nov 30 2021 01: +0
63537,0.063,Dec 01 2021 01: +0
55466,0.07,Dec 02 2021 01: +0
54932,0.067,Dec 03 2021 01: +0
59852,0.071,Dec 04 2021 01: +0
56231,0.071,Dec 05 2021 01: +0
48867,0.071,Dec 06 2021 01: +0
47511,0.068,Dec 07 2021 01: +0
48562,0.063,Dec 08 2021 01: +0
45939,0.066,Dec 09 2021 01: +0
51921,0.064,Dec 10 2021 01: +0
59053,0.063,Dec 11 2021 01: +0
50551,0.066,Dec 12 2021 01: +0
43638,0.062,Dec 13 2021 01: +0
44009,0.058,Dec 14 2021 01: +0
46284,0.056,Dec 15 2021 01: +0
44095,0.053,Dec 16 2021 01: +0
46364,0.051,Dec 17 2021 01: +0
53465,0.05,Dec 18 2021 01: +0
50289,0.052,Dec 19 2021 01: +0
46280,0.057,Dec 20 2021 01: +0
49493,0.058,Dec 21 2021 01: +0
50024,0.056,Dec 22 2021 01: +0
50501,0.055,Dec 23 2021 01: +0
55012,0.058,Dec 24 2021 01: +0
54099,0.056,Dec 25 2021 01: +0
59061,0.052,Dec 26 2021 01: +0
50513,0.055,Dec 27 2021 01: +0
56118,0.053,Dec 28 2021 01: +0
61314,0.053,Dec 29 2021 01: +0
60316,0.055,Dec 30 2021 01: +0
58468,0.062,Dec 31 2021 01: +0
61783,0.062,Jan 01 2022 01: +0
60714,0.061,Jan 02 2022 01: +0
60865,0.061,Jan 03 2022 01: +0
52605,0.058,Jan 04 2022 01: +0
61454,0.058,Jan 05 2022 01: +0
60761,0.061,Jan 06 2022 01: +0
64468,0.068,Jan 07 2022 01: +0
63779,0.074,Jan 08 2022 01: +0
60764,0.074,Jan 09 2022 01: +0
56418,0.077,Jan 10 2022 01: +0
59499,0.081,Jan 11 2022 01: +0
58868,0.082,Jan 12 2022 01: +0
52362,0.083,Jan 13 2022 01: +0
72826,0.086,Jan 14 2022 01: +0
66204,0.087,Jan 15 2022 01: +0
68242,0.09,Jan 16 2022 01: +0
67686,0.098,Jan 17 2022 01: +0
66665,0.111,Jan 18 2022 01: +0
54309,0.108,Jan 19 2022 01: +0
51541,0.1,Jan 20 2022 01: +0
84481,0.095,Jan 21 2022 01: +0
82198,0.086,Jan 22 2022 01: +0
72386,0.083,Jan 23 2022 01: +0
61835,0.078,Jan 24 2022 01: +0
65630,0.078,Jan 25 2022 01: +0
64743,0.077,Jan 26 2022 01: +0
66716,0.076,Jan 27 2022 01: +0
73712,0.073,Jan 28 2022 01: +0
80905,0.075,Jan 29 2022 01: +0
75120,0.075,Jan 30 2022 01: +0
76126,0.073,Jan 31 2022 01: +0
74472,0.076,Feb 01 2022 01: +0
69709,0.072,Feb 02 2022 01: +0
75903,0.071,Feb 03 2022 01: +0
69033,0.079,Feb 04 2022 01: +0
68679,0.078,Feb 05 2022 01: +0
68577,0.076,Feb 06 2022 01: +0
64706,0.077,Feb 07 2022 01: +0
61432,0.077,Feb 08 2022 01: +0
63233,0.077,Feb 09 2022 01: +0
61360,0.074,Feb 10 2022 01: +0
73561,0.073,Feb 11 2022 01: +0
70857,0.074,Feb 12 2022 01: +0
64945,0.074,Feb 13 2022 01: +0
61501,0.074,Feb 14 2022 01: +0
62120,0.075,Feb 15 2022 01: +0
58557,0.074,Feb 16 2022 01: +0
60033,0.077,Feb 17 2022 01: +0
62484,0.079,Feb 18 2022 01: +0
67512,0.077,Feb 19 2022 01: +0
67587,0.076,Feb 20 2022 01: +0
61480,0.074,Feb 21 2022 01: +0
63246,0.075,Feb 22 2022 01: +0
62470,0.075,Feb 23 2022 01: +0
63209,0.079,Feb 24 2022 01: +0
57918,0.083,Feb 25 2022 01: +0
73410,0.082,Feb 26 2022 01: +0
93936,0.087,Feb 27 2022 01: +0
108827,0.096,Feb 28 2022 01: +0
116719,0.117,Mar 01 2022 01: +0
93694,0.118,Mar 02 2022 01: +0
76571,0.114,Mar 03 2022 01: +0
75515,0.114,Mar 04 2022 01: +0
86063,0.109,Mar 05 2022 01: +0
86698,0.103,Mar 06 2022 01: +0
74931,0.094,Mar 07 2022 01: +0
114432,0.104,Mar 08 2022 01: +0
77858,0.108,Mar 09 2022 01: +0
69532,0.104,Mar 10 2022 01: +0
72036,0.106,Mar 11 2022 01: +0
83772,0.104,Mar 12 2022 01: +0
82311,0.112,Mar 13 2022 01: +0
69994,0.113,Mar 14 2022 01: +0
68302,0.116,Mar 15 2022 01: +0
74122,0.12,Mar 16 2022 01: +0
67396,0.123,Mar 17 2022 01: +0
73281,0.124,Mar 18 2022 01: +0
92708,0.135,Mar 19 2022 01: +0
90877,0.138,Mar 20 2022 01: +0
86333,0.154,Mar 21 2022 01: +0
99443,0.18,Mar 22 2022 01: +0
84310,0.199,Mar 23 2022 01: +0
82166,0.173,Mar 24 2022 01: +0
72010,0.152,Mar 25 2022 01: +0
79488,0.15,Mar 26 2022 01: +0
82521,0.162,Mar 27 2022 01: +0
72886,0.163,Mar 28 2022 01: +0
67871,0.157,Mar 29 2022 01: +0
64830,0.153,Mar 30 2022 01: +0
68186,0.157,Mar 31 2022 01: +0
71942,0.157,Apr 01 2022 01: +0
83255,0.162,Apr 02 2022 01: +0
86826,0.167,Apr 03 2022 01: +0
71376,0.172,Apr 04 2022 01: +0
74176,0.181,Apr 05 2022 01: +0
71423,0.191,Apr 06 2022 01: +0
72395,0.201,Apr 07 2022 01: +0
81507,0.21,Apr 08 2022 01: +0
99849,0.227,Apr 09 2022 01: +0
93421,0.232,Apr 10 2022 01: +0
74172,0.215,Apr 11 2022 01: +0
66399,0.209,Apr 12 2022 01: +0
67625,0.206,Apr 13 2022 01: +0
75458,0.214,Apr 14 2022 01: +0
78329,0.218,Apr 15 2022 01: +0
81386,0.226,Apr 16 2022 01: +0
77044,0.223,Apr 17 2022 01: +0
66138,0.221,Apr 18 2022 01: +0
66658,0.221,Apr 19 2022 01: +0
66493,0.224,Apr 20 2022 01: +0
67878,0.225,Apr 21 2022 01: +0
73251,0.227,Apr 22 2022 01: +0
10979,0.234,Apr 23 2022 01: +0
3061,0.241,Apr 23 2022 06: +0
2551,0.24,Apr 23 2022 07: +0
2324,0.233,Apr 23 2022 08: +0
2650,0.23,Apr 23 2022 09: +0
3256,0.23,Apr 23 2022 10: +0
3489,0.23,Apr 23 2022 11: +0
4021,0.23,Apr 23 2022 12: +0
3706,0.23,Apr 23 2022 13: +0
4255,0.23,Apr 23 2022 14: +0
4286,0.23,Apr 23 2022 15: +0
4238,0.23,Apr 23 2022 16: +0
5036,0.23,Apr 23 2022 17: +0
4189,0.23,Apr 23 2022 18: +0
5019,0.23,Apr 23 2022 19: +0
5474,0.23,Apr 23 2022 20: +0
4661,0.23,Apr 23 2022 21: +0
4027,0.23,Apr 23 2022 22: +0
3184,0.23,Apr 23 2022 23: +0
2812,0.23,Apr 24 2022 00: +0
2055,0.231,Apr 24 2022 01: +0
2450,0.24,Apr 24 2022 02: +0
1776,0.24,Apr 24 2022 03: +0
2041,0.241,Apr 24 2022 04: +0
3171,0.254,Apr 24 2022 05: +0
2842,0.254,Apr 24 2022 06: +0
2005,0.249,Apr 24 2022 07: +0
2967,0.244,Apr 24 2022 08: +0
3928,0.247,Apr 24 2022 09: +0
3241,0.241,Apr 24 2022 10: +0
4257,0.248,Apr 24 2022 11: +0
4021,0.24,Apr 24 2022 12: +0
4133,0.238,Apr 24 2022 13: +0
4398,0.234,Apr 24 2022 14: +0
4753,0.235,Apr 24 2022 15: +0
5099,0.24,Apr 24 2022 16: +0
4447,0.236,Apr 24 2022 17: +0
4583,0.24,Apr 24 2022 18: +0
4617,0.23,Apr 24 2022 19: +0
4360,0.23,Apr 24 2022 20: +0
3789,0.23,Apr 24 2022 21: +0
3145,0.227,Apr 24 2022 22: +0
2559,0.225,Apr 24 2022 23: +0
2008,0.227,Apr 25 2022 00: +0
1750,0.227,Apr 25 2022 01: +0
1615,0.235,Apr 25 2022 02: +0
1547,0.24,Apr 25 2022 03: +0
1448,0.24,Apr 25 2022 04: +0
2280,0.26,Apr 25 2022 05: +0
1719,0.25,Apr 25 2022 06: +0
2209,0.252,Apr 25 2022 07: +0
2220,0.249,Apr 25 2022 08: +0
3154,0.254,Apr 25 2022 09: +0
2479,0.243,Apr 25 2022 10: +0
2391,0.241,Apr 25 2022 11: +0
2508,0.23,Apr 25 2022 12: +0
2809,0.23,Apr 25 2022 13: +0
3729,0.24,Apr 25 2022 14: +0
3630,0.235,Apr 25 2022 15: +0
3059,0.229,Apr 25 2022 16: +0
2898,0.227,Apr 25 2022 17: +0
4545,0.23,Apr 25 2022 18: +0
4883,0.23,Apr 25 2022 19: +0
4128,0.227,Apr 25 2022 20: +0
4615,0.229,Apr 25 2022 21: +0
3089,0.228,Apr 25 2022 22: +0
2423,0.225,Apr 25 2022 23: +0
1586,0.225,Apr 26 2022 00: +0
1827,0.227,Apr 26 2022 01: +0
1668,0.23,Apr 26 2022 02: +0
2173,0.241,Apr 26 2022 03: +0
2175,0.25,Apr 26 2022 04: +0
1946,0.25,Apr 26 2022 05: +0
1292,0.24,Apr 26 2022 06: +0
2531,0.25,Apr 26 2022 07: +0
1556,0.24,Apr 26 2022 08: +0
2224,0.24,Apr 26 2022 09: +0
1999,0.24,Apr 26 2022 10: +0
2200,0.237,Apr 26 2022 11: +0
2392,0.23,Apr 26 2022 12: +0
3131,0.23,Apr 26 2022 13: +0
4138,0.233,Apr 26 2022 14: +0
3706,0.23,Apr 26 2022 15: +0
4543,0.24,Apr 26 2022 16: +0
4288,0.23,Apr 26 2022 17: +0
3952,0.23,Apr 26 2022 18: +0
4559,0.23,Apr 26 2022 19: +0
3952,0.229,Apr 26 2022 20: +0
3511,0.224,Apr 26 2022 21: +0
3165,0.224,Apr 26 2022 22: +0
1466,0.224,Apr 26 2022 23: +0
1907,0.224,Apr 27 2022 00: +0
1588,0.226,Apr 27 2022 01: +0
1358,0.229,Apr 27 2022 02: +0
1963,0.23,Apr 27 2022 03: +0
1650,0.24,Apr 27 2022 04: +0
4481,0.26,Apr 27 2022 05: +0
1267,0.24,Apr 27 2022 06: +0
2285,0.25,Apr 27 2022 07: +0
2217,0.246,Apr 27 2022 08: +0
2491,0.242,Apr 27 2022 09: +0
2682,0.24,Apr 27 2022 10: +0
2935,0.239,Apr 27 2022 11: +0
2869,0.241,Apr 27 2022 12: +0
3310,0.235,Apr 27 2022 13: +0
3330,0.23,Apr 27 2022 14: +0
3335,0.23,Apr 27 2022 15: +0
3966,0.24,Apr 27 2022 16: +0
4577,0.231,Apr 27 2022 17: +0
3880,0.224,Apr 27 2022 18: +0
5193,0.23,Apr 27 2022 19: +0
4005,0.223,Apr 27 2022 20: +0
3793,0.221,Apr 27 2022 21: +0
3078,0.221,Apr 27 2022 22: +0
2150,0.221,Apr 27 2022 23: +0
1771,0.221,Apr 28 2022 00: +0
1520,0.226,Apr 28 2022 01: +0
1505,0.226,Apr 28 2022 02: +0
1958,0.24,Apr 28 2022 03: +0
1570,0.238,Apr 28 2022 04: +0
1309,0.24,Apr 28 2022 05: +0
1905,0.24,Apr 28 2022 06: +0
4659,0.253,Apr 28 2022 07: +0
2077,0.243,Apr 28 2022 08: +0
1811,0.23,Apr 28 2022 09: +0
1608,0.224,Apr 28 2022 10: +0
2101,0.23,Apr 28 2022 11: +0
2845,0.228,Apr 28 2022 12: +0
3251,0.226,Apr 28 2022 13: +0
3437,0.23,Apr 28 2022 14: +0
3426,0.228,Apr 28 2022 15: +0
3704,0.221,Apr 28 2022 16: +0
3747,0.226,Apr 28 2022 17: +0
4089,0.221,Apr 28 2022 18: +0
4042,0.219,Apr 28 2022 19: +0
4088,0.219,Apr 28 2022 20: +0
3428,0.216,Apr 28 2022 21: +0
2882,0.217,Apr 28 2022 22: +0
2249,0.21,Apr 28 2022 23: +0
2077,0.22,Apr 29 2022 00: +0
1655,0.219,Apr 29 2022 01: +0
1476,0.22,Apr 29 2022 02: +0
1975,0.22,Apr 29 2022 03: +0
2111,0.23,Apr 29 2022 04: +0
1819,0.234,Apr 29 2022 05: +0
2772,0.25,Apr 29 2022 06: +0
1469,0.23,Apr 29 2022 07: +0
1944,0.24,Apr 29 2022 08: +0
2190,0.23,Apr 29 2022 09: +0
2749,0.229,Apr 29 2022 10: +0
2285,0.219,Apr 29 2022 11: +0
3027,0.226,Apr 29 2022 12: +0
3498,0.23,Apr 29 2022 13: +0
3572,0.219,Apr 29 2022 14: +0
3973,0.222,Apr 29 2022 15: +0
4425,0.225,Apr 29 2022 16: +0
5246,0.223,Apr 29 2022 17: +0
5001,0.224,Apr 29 2022 18: +0
4233,0.22,Apr 29 2022 19: +0
6032,0.22,Apr 29 2022 20: +0
4037,0.212,Apr 29 2022 21: +0
4148,0.221,Apr 29 2022 22: +0
3051,0.221,Apr 29 2022 23: +0
2283,0.22,Apr 30 2022 00: +0
1958,0.221,Apr 30 2022 01: +0
1833,0.221,Apr 30 2022 02: +0
2469,0.23,Apr 30 2022 03: +0
2906,0.24,Apr 30 2022 04: +0
2641,0.239,Apr 30 2022 05: +0
3810,0.241,Apr 30 2022 06: +0
2124,0.239,Apr 30 2022 07: +0
2596,0.239,Apr 30 2022 08: +0
2778,0.23,Apr 30 2022 09: +0
3768,0.231,Apr 30 2022 10: +0
3379,0.227,Apr 30 2022 11: +0
2987,0.221,Apr 30 2022 12: +0
3553,0.224,Apr 30 2022 13: +0
3494,0.221,Apr 30 2022 14: +0
4144,0.223,Apr 30 2022 15: +0
3880,0.221,Apr 30 2022 16: +0
4232,0.222,Apr 30 2022 17: +0
4385,0.223,Apr 30 2022 18: +0
4390,0.221,Apr 30 2022 19: +0
4523,0.221,Apr 30 2022 20: +0
4118,0.218,Apr 30 2022 21: +0
4058,0.221,Apr 30 2022 22: +0
3496,0.221,Apr 30 2022 23: +0
2501,0.21,May 01 2022 00: +0
2210,0.229,May 01 2022 01: +0
1956,0.23,May 01 2022 02: +0
1885,0.23,May 01 2022 03: +0
2581,0.23,May 01 2022 04: +0
3782,0.24,May 01 2022 05: +0
3512,0.24,May 01 2022 06: +0
1785,0.227,May 01 2022 07: +0
2734,0.23,May 01 2022 08: +0
3001,0.23,May 01 2022 09: +0
2633,0.226,May 01 2022 10: +0
3438,0.221,May 01 2022 11: +0
3373,0.221,May 01 2022 12: +0
3473,0.221,May 01 2022 13: +0
3448,0.21,May 01 2022 14: +0
4439,0.221,May 01 2022 15: +0
4646,0.221,May 01 2022 16: +0
4242,0.219,May 01 2022 17: +0
4930,0.221,May 01 2022 18: +0
4461,0.216,May 01 2022 19: +0
4564,0.218,May 01 2022 20: +0
4787,0.22,May 01 2022 21: +0
4226,0.21,May 01 2022 22: +0
3278,0.219,May 01 2022 23: +0
2253,0.221,May 02 2022 00: +0
2083,0.221,May 02 2022 01: +0
1785,0.221,May 02 2022 02: +0
2199,0.23,May 02 2022 03: +0
2833,0.239,May 02 2022 04: +0
1847,0.233,May 02 2022 05: +0
1573,0.226,May 02 2022 06: +0
1612,0.221,May 02 2022 07: +0
2213,0.222,May 02 2022 08: +0
2205,0.219,May 02 2022 09: +0
2927,0.227,May 02 2022 10: +0
2825,0.221,May 02 2022 11: +0
3144,0.221,May 02 2022 12: +0
3803,0.222,May 02 2022 13: +0
3783,0.221,May 02 2022 14: +0
4071,0.221,May 02 2022 15: +0
4850,0.23,May 02 2022 16: +0
5857,0.23,May 02 2022 17: +0
4372,0.221,May 02 2022 18: +0
4102,0.218,May 02 2022 19: +0
4477,0.21,May 02 2022 20: +0
4060,0.21,May 02 2022 21: +0
3702,0.218,May 02 2022 22: +0
2666,0.218,May 02 2022 23: +0
2108,0.217,May 03 2022 00: +0
2103,0.221,May 03 2022 01: +0
1675,0.219,May 03 2022 02: +0
1498,0.222,May 03 2022 03: +0
2139,0.23,May 03 2022 04: +0
3169,0.23,May 03 2022 05: +0
1649,0.23,May 03 2022 06: +0
2067,0.23,May 03 2022 07: +0
2226,0.231,May 03 2022 08: +0
2192,0.22,May 03 2022 09: +0
2864,0.219,May 03 2022 10: +0
3895,0.219,May 03 2022 11: +0
3863,0.219,May 03 2022 12: +0
3471,0.219,May 03 2022 13: +0
3799,0.221,May 03 2022 14: +0
3700,0.221,May 03 2022 15: +0
4451,0.221,May 03 2022 16: +0
4817,0.221,May 03 2022 17: +0
4126,0.22,May 03 2022 18: +0
4819,0.219,May 03 2022 19: +0
4630,0.219,May 03 2022 20: +0
3645,0.218,May 03 2022 21: +0
3035,0.218,May 03 2022 22: +0
2646,0.218,May 03 2022 23: +0
1529,0.218,May 04 2022 00: +0
2012,0.21,May 04 2022 01: +0
6307,0.21,May 04 2022 02: +0
3653,0.21,May 04 2022 03: +0
2702,0.21,May 04 2022 04: +0
4134,0.213,May 04 2022 05: +0
3219,0.21,May 04 2022 06: +0
3290,0.21,May 04 2022 07: +0
3847,0.21,May 04 2022 08: +0
4991,0.218,May 04 2022 09: +0
4923,0.211,May 04 2022 10: +0
4951,0.21,May 04 2022 11: +0
5160,0.21,May 04 2022 12: +0
5265,0.21,May 04 2022 13: +0
5957,0.21,May 04 2022 14: +0
5799,0.21,May 04 2022 15: +0
6433,0.211,May 04 2022 16: +0
5992,0.217,May 04 2022 17: +0
5643,0.211,May 04 2022 18: +0
5590,0.21,May 04 2022 19: +0
6229,0.21,May 04 2022 20: +0
4146,0.21,May 04 2022 21: +0
4041,0.21,May 04 2022 22: +0
3034,0.21,May 04 2022 23: +0
2681,0.22,May 05 2022 00: +0
2407,0.22,May 05 2022 01: +0
1860,0.221,May 05 2022 02: +0
2347,0.224,May 05 2022 03: +0
2268,0.221,May 05 2022 04: +0
2480,0.23,May 05 2022 05: +0
1985,0.23,May 05 2022 06: +0
1976,0.221,May 05 2022 07: +0
2260,0.221,May 05 2022 08: +0
2234,0.221,May 05 2022 09: +0
2291,0.218,May 05 2022 10: +0
3353,0.221,May 05 2022 11: +0
3541,0.221,May 05 2022 12: +0
3586,0.21,May 05 2022 13: +0
4066,0.219,May 05 2022 14: +0
4662,0.21,May 05 2022 15: +0
4061,0.21,May 05 2022 16: +0
4651,0.218,May 05 2022 17: +0
5582,0.221,May 05 2022 18: +0
5263,0.21,May 05 2022 19: +0
4591,0.21,May 05 2022 20: +0
4395,0.21,May 05 2022 21: +0
3277,0.208,May 05 2022 22: +0
2594,0.208,May 05 2022 23: +0
2422,0.21,May 06 2022 00: +0
2059,0.2,May 06 2022 01: +0
1827,0.21,May 06 2022 02: +0
1983,0.219,May 06 2022 03: +0
1867,0.219,May 06 2022 04: +0
1292,0.21,May 06 2022 05: +0
2568,0.222,May 06 2022 06: +0
3352,0.24,May 06 2022 07: +0
2400,0.229,May 06 2022 08: +0
2130,0.218,May 06 2022 09: +0
2335,0.211,May 06 2022 10: +0
2449,0.21,May 06 2022 11: +0
3302,0.215,May 06 2022 12: +0
3499,0.211,May 06 2022 13: +0
3218,0.211,May 06 2022 14: +0
5009,0.219,May 06 2022 15: +0
3565,0.21,May 06 2022 16: +0
4823,0.211,May 06 2022 17: +0
4113,0.208,May 06 2022 18: +0
4528,0.2,May 06 2022 19: +0
4429,0.2,May 06 2022 20: +0
4758,0.202,May 06 2022 21: +0
4263,0.21,May 06 2022 22: +0
2820,0.2,May 06 2022 23: +0
2767,0.208,May 07 2022 00: +0
2031,0.21,May 07 2022 01: +0
1780,0.21,May 07 2022 02: +0
2193,0.21,May 07 2022 03: +0
2034,0.21,May 07 2022 04: +0
1847,0.21,May 07 2022 05: +0
1755,0.217,May 07 2022 06: +0
3218,0.223,May 07 2022 07: +0
2114,0.21,May 07 2022 08: +0
2188,0.2,May 07 2022 09: +0
2691,0.208,May 07 2022 10: +0
3022,0.205,May 07 2022 11: +0
3401,0.2,May 07 2022 12: +0
3467,0.208,May 07 2022 13: +0
3718,0.207,May 07 2022 14: +0
4097,0.21,May 07 2022 15: +0
4246,0.21,May 07 2022 16: +0
5199,0.21,May 07 2022 17: +0
5085,0.21,May 07 2022 18: +0
5304,0.208,May 07 2022 19: +0
4828,0.201,May 07 2022 20: +0
4605,0.201,May 07 2022 21: +0
4109,0.207,May 07 2022 22: +0
2985,0.2,May 07 2022 23: +0
2213,0.198,May 08 2022 00: +0
1761,0.2,May 08 2022 01: +0
1450,0.198,May 08 2022 02: +0
2041,0.208,May 08 2022 03: +0
1764,0.21,May 08 2022 04: +0
1511,0.21,May 08 2022 05: +0
2858,0.223,May 08 2022 06: +0
2344,0.213,May 08 2022 07: +0
2722,0.219,May 08 2022 08: +0
2036,0.2,May 08 2022 09: +0
2727,0.2,May 08 2022 10: +0
3540,0.207,May 08 2022 11: +0
2882,0.197,May 08 2022 12: +0
3579,0.2,May 08 2022 13: +0
3973,0.2,May 08 2022 14: +0
3787,0.198,May 08 2022 15: +0
3816,0.196,May 08 2022 16: +0
3919,0.196,May 08 2022 17: +0
4145,0.196,May 08 2022 18: +0
4435,0.195,May 08 2022 19: +0
4298,0.2,May 08 2022 20: +0
3818,0.19,May 08 2022 21: +0
3646,0.19,May 08 2022 22: +0
2690,0.195,May 08 2022 23: +0
1920,0.192,May 09 2022 00: +0
1840,0.2,May 09 2022 01: +0
1660,0.2,May 09 2022 02: +0
1765,0.205,May 09 2022 03: +0
2092,0.21,May 09 2022 04: +0
1932,0.217,May 09 2022 05: +0
2143,0.217,May 09 2022 06: +0
1710,0.202,May 09 2022 07: +0
2377,0.21,May 09 2022 08: +0
1851,0.198,May 09 2022 09: +0
2716,0.21,May 09 2022 10: +0
2283,0.198,May 09 2022 11: +0
2704,0.2,May 09 2022 12: +0
2588,0.198,May 09 2022 13: +0
2837,0.2,May 09 2022 14: +0
3043,0.199,May 09 2022 15: +0
3428,0.2,May 09 2022 16: +0
3355,0.198,May 09 2022 17: +0
3357,0.195,May 09 2022 18: +0
3589,0.194,May 09 2022 19: +0
3726,0.19,May 09 2022 20: +0
3306,0.19,May 09 2022 21: +0
2832,0.191,May 09 2022 22: +0
1971,0.19,May 09 2022 23: +0
1732,0.19,May 10 2022 00: +0
1491,0.19,May 10 2022 01: +0
1480,0.19,May 10 2022 02: +0
1686,0.2,May 10 2022 03: +0
2068,0.21,May 10 2022 04: +0
1757,0.21,May 10 2022 05: +0
1585,0.21,May 10 2022 06: +0
6072,0.23,May 10 2022 07: +0
1733,0.21,May 10 2022 08: +0
2044,0.2,May 10 2022 09: +0
2440,0.2,May 10 2022 10: +0
2769,0.2,May 10 2022 11: +0
2886,0.2,May 10 2022 12: +0
4354,0.21,May 10 2022 13: +0
3459,0.2,May 10 2022 14: +0
3114,0.197,May 10 2022 15: +0
4090,0.196,May 10 2022 16: +0
3719,0.197,May 10 2022 17: +0
3992,0.197,May 10 2022 18: +0
3665,0.19,May 10 2022 19: +0
3377,0.19,May 10 2022 20: +0
3329,0.19,May 10 2022 21: +0
2870,0.19,May 10 2022 22: +0
1941,0.19,May 10 2022 23: +0
1283,0.19,May 11 2022 00: +0
1680,0.19,May 11 2022 01: +0
1485,0.199,May 11 2022 02: +0
1307,0.195,May 11 2022 03: +0
1721,0.196,May 11 2022 04: +0
1543,0.19,May 11 2022 05: +0
1436,0.19,May 11 2022 06: +0
1372,0.187,May 11 2022 07: +0
1433,0.193,May 11 2022 08: +0
1965,0.186,May 11 2022 09: +0
2047,0.184,May 11 2022 10: +0
2444,0.186,May 11 2022 11: +0
2754,0.19,May 11 2022 12: +0
2895,0.186,May 11 2022 13: +0
3352,0.189,May 11 2022 14: +0
3509,0.19,May 11 2022 15: +0
3755,0.19,May 11 2022 16: +0
3842,0.186,May 11 2022 17: +0
3785,0.184,May 11 2022 18: +0
4212,0.185,May 11 2022 19: +0
4216,0.18,May 11 2022 20: +0
3251,0.18,May 11 2022 21: +0
2719,0.182,May 11 2022 22: +0
2138,0.184,May 11 2022 23: +0
1941,0.19,May 12 2022 00: +0
1760,0.195,May 12 2022 01: +0
1171,0.19,May 12 2022 02: +0
1489,0.195,May 12 2022 03: +0
2171,0.193,May 12 2022 04: +0
2484,0.2,May 12 2022 05: +0
1531,0.195,May 12 2022 06: +0
1821,0.19,May 12 2022 07: +0
1716,0.187,May 12 2022 08: +0
1992,0.189,May 12 2022 09: +0
2262,0.19,May 12 2022 10: +0
3315,0.19,May 12 2022 11: +0
2215,0.184,May 12 2022 12: +0
2962,0.18,May 12 2022 13: +0
3875,0.181,May 12 2022 14: +0
4285,0.184,May 12 2022 15: +0
4036,0.18,May 12 2022 16: +0
3695,0.179,May 12 2022 17: +0
3524,0.178,May 12 2022 18: +0
4230,0.175,May 12 2022 19: +0
3934,0.174,May 12 2022 20: +0
3537,0.171,May 12 2022 21: +0
3358,0.179,May 12 2022 22: +0
2056,0.172,May 12 2022 23: +0
1640,0.177,May 13 2022 00: +0
1944,0.18,May 13 2022 01: +0
1608,0.18,May 13 2022 02: +0
1495,0.18,May 13 2022 03: +0
1559,0.183,May 13 2022 04: +0
1447,0.18,May 13 2022 05: +0
1087,0.177,May 13 2022 06: +0
1890,0.19,May 13 2022 07: +0
2178,0.185,May 13 2022 08: +0
1687,0.178,May 13 2022 09: +0
2612,0.183,May 13 2022 10: +0
2313,0.18,May 13 2022 11: +0
2590,0.177,May 13 2022 12: +0
2652,0.177,May 13 2022 13: +0
2900,0.174,May 13 2022 14: +0
3409,0.18,May 13 2022 15: +0
3549,0.176,May 13 2022 16: +0
3804,0.18,May 13 2022 17: +0
3607,0.176,May 13 2022 18: +0
4383,0.173,May 13 2022 19: +0
4182,0.174,May 13 2022 20: +0
3725,0.17,May 13 2022 21: +0
3444,0.166,May 13 2022 22: +0
2779,0.168,May 13 2022 23: +0
2365,0.17,May 14 2022 00: +0
2067,0.175,May 14 2022 01: +0
2067,0.176,May 14 2022 02: +0
1254,0.17,May 14 2022 03: +0
1565,0.173,May 14 2022 04: +0
1570,0.176,May 14 2022 05: +0
1913,0.177,May 14 2022 06: +0
2724,0.183,May 14 2022 07: +0
2576,0.18,May 14 2022 08: +0
2056,0.168,May 14 2022 09: +0
2668,0.169,May 14 2022 10: +0
2536,0.163,May 14 2022 11: +0
2867,0.162,May 14 2022 12: +0
3042,0.162,May 14 2022 13: +0
3881,0.166,May 14 2022 14: +0
3549,0.166,May 14 2022 15: +0
3995,0.166,May 14 2022 16: +0
4597,0.168,May 14 2022 17: +0
3753,0.163,May 14 2022 18: +0
4087,0.163,May 14 2022 19: +0
4157,0.163,May 14 2022 20: +0
3737,0.16,May 14 2022 21: +0
3596,0.166,May 14 2022 22: +0
2560,0.16,May 14 2022 23: +0
2156,0.164,May 15 2022 00: +0
1897,0.168,May 15 2022 01: +0
1542,0.17,May 15 2022 02: +0
1478,0.17,May 15 2022 03: +0
1746,0.17,May 15 2022 04: +0
2002,0.174,May 15 2022 05: +0
2811,0.176,May 15 2022 06: +0
2152,0.173,May 15 2022 07: +0
2404,0.17,May 15 2022 08: +0
2138,0.161,May 15 2022 09: +0
3050,0.166,May 15 2022 10: +0
2907,0.162,May 15 2022 11: +0
3071,0.161,May 15 2022 12: +0
3054,0.161,May 15 2022 13: +0
3689,0.163,May 15 2022 14: +0
4501,0.166,May 15 2022 15: +0
4258,0.166,May 15 2022 16: +0
4298,0.167,May 15 2022 17: +0
4293,0.166,May 15 2022 18: +0
4091,0.156,May 15 2022 19: +0
3376,0.152,May 15 2022 20: +0
3600,0.15,May 15 2022 21: +0
2928,0.148,May 15 2022 22: +0
2356,0.154,May 15 2022 23: +0
1854,0.154,May 16 2022 00: +0
1709,0.156,May 16 2022 01: +0
1615,0.16,May 16 2022 02: +0
1281,0.16,May 16 2022 03: +0
1507,0.16,May 16 2022 04: +0
1205,0.16,May 16 2022 05: +0
1294,0.161,May 16 2022 06: +0
1471,0.16,May 16 2022 07: +0
1895,0.169,May 16 2022 08: +0
2395,0.165,May 16 2022 09: +0
1822,0.164,May 16 2022 10: +0
1978,0.159,May 16 2022 11: +0
2167,0.16,May 16 2022 12: +0
2851,0.163,May 16 2022 13: +0
2781,0.159,May 16 2022 14: +0
2860,0.158,May 16 2022 15: +0
4642,0.159,May 16 2022 16: +0
3738,0.16,May 16 2022 17: +0
3449,0.153,May 16 2022 18: +0
3512,0.15,May 16 2022 19: +0
3387,0.15,May 16 2022 20: +0
3157,0.154,May 16 2022 21: +0
2713,0.159,May 16 2022 22: +0
2066,0.155,May 16 2022 23: +0
1860,0.154,May 17 2022 00: +0
1818,0.156,May 17 2022 01: +0
1498,0.155,May 17 2022 02: +0
1375,0.16,May 17 2022 03: +0
1235,0.16,May 17 2022 04: +0
1418,0.16,May 17 2022 05: +0
1797,0.16,May 17 2022 06: +0
1403,0.16,May 17 2022 07: +0
1639,0.16,May 17 2022 08: +0
1510,0.156,May 17 2022 09: +0
2126,0.156,May 17 2022 10: +0
2075,0.152,May 17 2022 11: +0
2231,0.154,May 17 2022 12: +0
2976,0.157,May 17 2022 13: +0
2390,0.156,May 17 2022 14: +0
2918,0.154,May 17 2022 15: +0
3093,0.154,May 17 2022 16: +0
2854,0.155,May 17 2022 17: +0
2869,0.15,May 17 2022 18: +0
3090,0.15,May 17 2022 19: +0
3329,0.156,May 17 2022 20: +0
3128,0.153,May 17 2022 21: +0
2770,0.151,May 17 2022 22: +0
2029,0.15,May 17 2022 23: +0
1394,0.158,May 18 2022 00: +0
1232,0.152,May 18 2022 01: +0
1154,0.15,May 18 2022 02: +0
1525,0.16,May 18 2022 03: +0
1403,0.154,May 18 2022 04: +0
2308,0.17,May 18 2022 05: +0
1557,0.16,May 18 2022 06: +0
1720,0.16,May 18 2022 07: +0
1345,0.16,May 18 2022 08: +0
1750,0.154,May 18 2022 09: +0
1834,0.153,May 18 2022 10: +0
1922,0.152,May 18 2022 11: +0
2626,0.157,May 18 2022 12: +0
2558,0.151,May 18 2022 13: +0
3173,0.157,May 18 2022 14: +0
3000,0.152,May 18 2022 15: +0
3567,0.158,May 18 2022 16: +0
3989,0.158,May 18 2022 17: +0
4538,0.158,May 18 2022 18: +0
3932,0.15,May 18 2022 19: +0
4083,0.152,May 18 2022 20: +0
3293,0.15,May 18 2022 21: +0
3930,0.15,May 18 2022 22: +0
2197,0.149,May 18 2022 23: +0
2122,0.148,May 19 2022 00: +0
1994,0.149,May 19 2022 01: +0
1288,0.15,May 19 2022 02: +0
1625,0.15,May 19 2022 03: +0
2565,0.168,May 19 2022 04: +0
2130,0.168,May 19 2022 05: +0
1080,0.15,May 19 2022 06: +0
1261,0.158,May 19 2022 07: +0
1355,0.15,May 19 2022 08: +0
1663,0.15,May 19 2022 09: +0
1989,0.15,May 19 2022 10: +0
1883,0.149,May 19 2022 11: +0
2461,0.15,May 19 2022 12: +0
2950,0.15,May 19 2022 13: +0
2961,0.152,May 19 2022 14: +0
3577,0.16,May 19 2022 15: +0
3104,0.15,May 19 2022 16: +0
2554,0.144,May 19 2022 17: +0
3248,0.143,May 19 2022 18: +0
3365,0.142,May 19 2022 19: +0
3169,0.14,May 19 2022 20: +0
3000,0.14,May 19 2022 21: +0
3068,0.148,May 19 2022 22: +0
1908,0.14,May 19 2022 23: +0
1465,0.14,May 20 2022 00: +0
1231,0.14,May 20 2022 01: +0
1175,0.148,May 20 2022 02: +0
1591,0.15,May 20 2022 03: +0
1503,0.15,May 20 2022 04: +0
1724,0.15,May 20 2022 05: +0
1683,0.15,May 20 2022 06: +0
3550,0.16,May 20 2022 07: +0
2125,0.16,May 20 2022 08: +0
2054,0.158,May 20 2022 09: +0
2052,0.148,May 20 2022 10: +0
2463,0.15,May 20 2022 11: +0
2763,0.15,May 20 2022 12: +0
2778,0.15,May 20 2022 13: +0
3006,0.15,May 20 2022 14: +0
3617,0.15,May 20 2022 15: +0
4296,0.15,May 20 2022 16: +0
4535,0.156,May 20 2022 17: +0
4225,0.157,May 20 2022 18: +0
3810,0.15,May 20 2022 19: +0
5020,0.156,May 20 2022 20: +0
5261,0.158,May 20 2022 21: +0
3417,0.15,May 20 2022 22: +0
3008,0.15,May 20 2022 23: +0
2664,0.152,May 21 2022 00: +0
2214,0.157,May 21 2022 01: +0
2004,0.158,May 21 2022 02: +0
1446,0.155,May 21 2022 03: +0
2006,0.16,May 21 2022 04: +0
2056,0.163,May 21 2022 05: +0
3410,0.163,May 21 2022 06: +0
3043,0.169,May 21 2022 07: +0
1505,0.156,May 21 2022 08: +0
2848,0.16,May 21 2022 09: +0
3149,0.16,May 21 2022 10: +0
2990,0.155,May 21 2022 11: +0
2805,0.151,May 21 2022 12: +0
3322,0.151,May 21 2022 13: +0
3779,0.154,May 21 2022 14: +0
3378,0.158,May 21 2022 15: +0
3131,0.151,May 21 2022 16: +0
3805,0.158,May 21 2022 17: +0
4915,0.16,May 21 2022 18: +0
3748,0.155,May 21 2022 19: +0
3751,0.151,May 21 2022 20: +0
3857,0.15,May 21 2022 21: +0
4085,0.156,May 21 2022 22: +0
2747,0.157,May 21 2022 23: +0
2347,0.157,May 22 2022 00: +0
1782,0.158,May 22 2022 01: +0
1425,0.16,May 22 2022 02: +0
2525,0.168,May 22 2022 03: +0
2078,0.169,May 22 2022 04: +0
2866,0.17,May 22 2022 05: +0
1544,0.162,May 22 2022 06: +0
1733,0.161,May 22 2022 07: +0
1612,0.151,May 22 2022 08: +0
1857,0.15,May 22 2022 09: +0
2810,0.15,May 22 2022 10: +0
3072,0.15,May 22 2022 11: +0
2994,0.15,May 22 2022 12: +0
3502,0.15,May 22 2022 13: +0
3414,0.15,May 22 2022 14: +0
3707,0.153,May 22 2022 15: +0
4360,0.157,May 22 2022 16: +0
4568,0.16,May 22 2022 17: +0
4993,0.16,May 22 2022 18: +0
3932,0.155,May 22 2022 19: +0
4181,0.16,May 22 2022 20: +0
3729,0.15,May 22 2022 21: +0
3770,0.157,May 22 2022 22: +0
2426,0.15,May 22 2022 23: +0
1923,0.15,May 23 2022 00: +0
1585,0.15,May 23 2022 01: +0
1653,0.16,May 23 2022 02: +0
1272,0.158,May 23 2022 03: +0
1961,0.16,May 23 2022 04: +0
,0.16,May 23 2022 05:00:02
,0.16,May 23 2022 05:02:30
1363,0.16,May 23 2022 05: +0
,0.16,May 23 2022 05:35:26
,0.16,May 23 2022 05:36:31
956,0.16,May 23 2022 06: +0
1593,0.16,May 23 2022 07: +0
2104,0.169,May 23 2022 08: +0
1698,0.16,May 23 2022 09: +0
2008,0.16,May 23 2022 10: +0
2247,0.155,May 23 2022 11: +0
2577,0.151,May 23 2022 12: +0
2699,0.158,May 23 2022 13: +0
2612,0.151,May 23 2022 14: +0
2836,0.15,May 23 2022 15: +0
3638,0.158,May 23 2022 16: +0
3704,0.16,May 23 2022 17: +0
4069,0.153,May 23 2022 18: +0
4132,0.15,May 23 2022 19: +0
3811,0.15,May 23 2022 20: +0
4140,0.16,May 23 2022 21: +0
2976,0.15,May 23 2022 22: +0
2127,0.152,May 23 2022 23: +0
1726,0.15,May 24 2022 00: +0
,0.16,May 24 2022 01:02:32
,0.16,May 24 2022 01:04:24
,0.16,May 24 2022 01:05:36
,0.16,May 24 2022 01:06:26
,0.16,May 24 2022 01:13:49
,0.14,Aug 08 2022 00:59:59
81637,0.224,May 01 2022 01: +0
75097,0.222,May 02 2022 01: +0
74008,0.222,May 03 2022 01: +0
109999,0.211,May 04 2022 01: +0
78152,0.217,May 05 2022 01: +0
75356,0.212,May 06 2022 01: +0
78130,0.208,May 07 2022 01: +0
71662,0.201,May 08 2022 01: +0
60837,0.2,May 09 2022 01: +0
67204,0.2,May 10 2022 01: +0
60802,0.188,May 11 2022 01: +0
65059,0.184,May 12 2022 01: +0
63209,0.177,May 13 2022 01: +0
68973,0.168,May 14 2022 01: +0
69496,0.164,May 15 2022 01: +0
57355,0.159,May 16 2022 01: +0
52965,0.156,May 17 2022 01: +0
60758,0.155,May 18 2022 01: +0
55663,0.15,May 19 2022 01: +0
69551,0.152,May 20 2022 01: +0
72341,0.157,May 21 2022 01: +0
70803,0.156,May 22 2022 01: +0
59487,0.156,May 23 2022 01: +0
69301,0.163,May 24 2022 01: +0
67705,0.171,May 25 2022 01: +0
68641,0.18,May 26 2022 01: +0
70839,0.186,May 27 2022 01: +0
77652,0.197,May 28 2022 01: +0
75733,0.198,May 29 2022 01: +0
65455,0.194,May 30 2022 01: +0
71257,0.198,May 31 2022 01: +0
72892,0.211,Jun 01 2022 01: +0
71101,0.213,Jun 02 2022 01: +0
101670,0.205,Jun 03 2022 01: +0
89751,0.211,Jun 04 2022 01: +0
84424,0.203,Jun 05 2022 01: +0
69716,0.197,Jun 06 2022 01: +0
67356,0.186,Jun 07 2022 01: +0
64244,0.173,Jun 08 2022 01: +0
64069,0.167,Jun 09 2022 01: +0
62348,0.168,Jun 10 2022 01: +0
66476,0.168,Jun 11 2022 01: +0
62439,0.165,Jun 12 2022 01: +0
60985,0.156,Jun 13 2022 01: +0
62021,0.153,Jun 14 2022 01: +0
61044,0.152,Jun 15 2022 01: +0
79132,0.156,Jun 16 2022 01: +0
62458,0.157,Jun 17 2022 01: +0
61133,0.156,Jun 18 2022 01: +0
62750,0.147,Jun 19 2022 01: +0
67509,0.141,Jun 20 2022 01: +0
61211,0.134,Jun 21 2022 01: +0
62468,0.133,Jun 22 2022 01: +0
65615,0.133,Jun 23 2022 01: +0
70132,0.13,Jun 24 2022 01: +0
71227,0.134,Jun 25 2022 01: +0
68958,0.138,Jun 26 2022 01: +0
64714,0.133,Jun 27 2022 01: +0
63862,0.132,Jun 28 2022 01: +0
67844,0.134,Jun 29 2022 01: +0
73741,0.145,Jun 30 2022 01: +0
70260,0.156,Jul 01 2022 01: +0
87250,0.151,Jul 02 2022 01: +0
75685,0.148,Jul 03 2022 01: +0
71167,0.144,Jul 04 2022 01: +0
78155,0.142,Jul 05 2022 01: +0
76193,0.134,Jul 06 2022 01: +0
68594,0.135,Jul 07 2022 01: +0
2175,0.14,Jul 08 2022 01: +0
2025,0.14,Jul 08 2022 02: +0
1613,0.14,Jul 08 2022 03: +0
2089,0.149,Jul 08 2022 04: +0
1745,0.15,Jul 08 2022 05: +0
1424,0.149,Jul 08 2022 06: +0
2233,0.15,Jul 08 2022 07: +0
1617,0.14,Jul 08 2022 08: +0
1801,0.14,Jul 08 2022 09: +0
1981,0.14,Jul 08 2022 10: +0
2549,0.133,Jul 08 2022 11: +0
2660,0.134,Jul 08 2022 12: +0
3016,0.134,Jul 08 2022 13: +0
3118,0.139,Jul 08 2022 14: +0
3159,0.136,Jul 08 2022 15: +0
3340,0.138,Jul 08 2022 16: +0
4150,0.142,Jul 08 2022 17: +0
4406,0.142,Jul 08 2022 18: +0
3690,0.14,Jul 08 2022 19: +0
4085,0.14,Jul 08 2022 20: +0
4313,0.142,Jul 08 2022 21: +0
3629,0.14,Jul 08 2022 22: +0
2652,0.134,Jul 08 2022 23: +0
2034,0.132,Jul 09 2022 00: +0
1796,0.137,Jul 09 2022 01: +0
1736,0.139,Jul 09 2022 02: +0
3263,0.16,Jul 09 2022 03: +0
2673,0.152,Jul 09 2022 04: +0
2140,0.152,Jul 09 2022 05: +0
2674,0.152,Jul 09 2022 06: +0
1674,0.15,Jul 09 2022 07: +0
1543,0.14,Jul 09 2022 08: +0
1808,0.14,Jul 09 2022 09: +0
2069,0.135,Jul 09 2022 10: +0
2095,0.137,Jul 09 2022 11: +0
3026,0.135,Jul 09 2022 12: +0
2512,0.133,Jul 09 2022 13: +0
3006,0.134,Jul 09 2022 14: +0
3324,0.14,Jul 09 2022 15: +0
3381,0.137,Jul 09 2022 16: +0
3203,0.14,Jul 09 2022 17: +0
3203,0.136,Jul 09 2022 18: +0
3267,0.135,Jul 09 2022 19: +0
3664,0.134,Jul 09 2022 20: +0
4696,0.14,Jul 09 2022 21: +0
3923,0.142,Jul 09 2022 22: +0
3027,0.14,Jul 09 2022 23: +0
2473,0.14,Jul 10 2022 00: +0
1932,0.14,Jul 10 2022 01: +0
2170,0.15,Jul 10 2022 02: +0
2679,0.152,Jul 10 2022 03: +0
2637,0.16,Jul 10 2022 04: +0
1680,0.152,Jul 10 2022 05: +0
2303,0.16,Jul 10 2022 06: +0
1916,0.152,Jul 10 2022 07: +0
2465,0.152,Jul 10 2022 08: +0
2757,0.152,Jul 10 2022 09: +0
4085,0.152,Jul 10 2022 10: +0
3268,0.149,Jul 10 2022 11: +0
4354,0.152,Jul 10 2022 12: +0
3490,0.143,Jul 10 2022 13: +0
3449,0.148,Jul 10 2022 14: +0
3209,0.142,Jul 10 2022 15: +0
3798,0.142,Jul 10 2022 16: +0
4004,0.142,Jul 10 2022 17: +0
3627,0.142,Jul 10 2022 18: +0
4255,0.14,Jul 10 2022 19: +0
3738,0.137,Jul 10 2022 20: +0
4023,0.137,Jul 10 2022 21: +0
3512,0.136,Jul 10 2022 22: +0
3050,0.135,Jul 10 2022 23: +0
2319,0.139,Jul 11 2022 00: +0
1716,0.135,Jul 11 2022 01: +0
1740,0.139,Jul 11 2022 02: +0
2047,0.15,Jul 11 2022 03: +0
1754,0.149,Jul 11 2022 04: +0
1890,0.151,Jul 11 2022 05: +0
1971,0.151,Jul 11 2022 06: +0
1696,0.151,Jul 11 2022 07: +0
1584,0.145,Jul 11 2022 08: +0
1839,0.142,Jul 11 2022 09: +0
2402,0.142,Jul 11 2022 10: +0
2378,0.14,Jul 11 2022 11: +0
2965,0.14,Jul 11 2022 12: +0
3251,0.14,Jul 11 2022 13: +0
3123,0.14,Jul 11 2022 14: +0
3669,0.14,Jul 11 2022 15: +0
3471,0.142,Jul 11 2022 16: +0
3908,0.142,Jul 11 2022 17: +0
4142,0.14,Jul 11 2022 18: +0
3784,0.138,Jul 11 2022 19: +0
4503,0.14,Jul 11 2022 20: +0
3822,0.136,Jul 11 2022 21: +0
3259,0.134,Jul 11 2022 22: +0
3393,0.136,Jul 11 2022 23: +0
2620,0.14,Jul 12 2022 00: +0
2076,0.141,Jul 12 2022 01: +0
2001,0.149,Jul 12 2022 02: +0
1609,0.14,Jul 12 2022 03: +0
1540,0.14,Jul 12 2022 04: +0
2223,0.151,Jul 12 2022 05: +0
1890,0.15,Jul 12 2022 06: +0
1871,0.15,Jul 12 2022 07: +0
1764,0.144,Jul 12 2022 08: +0
1540,0.139,Jul 12 2022 09: +0
2219,0.14,Jul 12 2022 10: +0
2089,0.136,Jul 12 2022 11: +0
3062,0.137,Jul 12 2022 12: +0
3108,0.135,Jul 12 2022 13: +0
3173,0.138,Jul 12 2022 14: +0
3658,0.14,Jul 12 2022 15: +0
3790,0.138,Jul 12 2022 16: +0
4322,0.137,Jul 12 2022 17: +0
4215,0.138,Jul 12 2022 18: +0
4432,0.14,Jul 12 2022 19: +0
4177,0.14,Jul 12 2022 20: +0
4165,0.139,Jul 12 2022 21: +0
5096,0.141,Jul 12 2022 22: +0
2832,0.138,Jul 12 2022 23: +0
2258,0.14,Jul 13 2022 00: +0
1606,0.135,Jul 13 2022 01: +0
1269,0.138,Jul 13 2022 02: +0
1985,0.148,Jul 13 2022 03: +0
1871,0.15,Jul 13 2022 04: +0
1406,0.15,Jul 13 2022 05: +0
1015,0.148,Jul 13 2022 06: +0
1310,0.15,Jul 13 2022 07: +0
1228,0.148,Jul 13 2022 08: +0
1438,0.144,Jul 13 2022 09: +0
1443,0.138,Jul 13 2022 10: +0
1836,0.137,Jul 13 2022 11: +0
2111,0.141,Jul 13 2022 12: +0
2565,0.141,Jul 13 2022 13: +0
2281,0.136,Jul 13 2022 14: +0
3107,0.144,Jul 13 2022 15: +0
3000,0.144,Jul 13 2022 16: +0
3750,0.141,Jul 13 2022 17: +0
3246,0.144,Jul 13 2022 18: +0
4399,0.14,Jul 13 2022 19: +0
4230,0.135,Jul 13 2022 20: +0
3879,0.132,Jul 13 2022 21: +0
3427,0.132,Jul 13 2022 22: +0
2788,0.131,Jul 13 2022 23: +0
2935,0.136,Jul 14 2022 00: +0
2815,0.139,Jul 14 2022 01: +0
2719,0.142,Jul 14 2022 02: +0
2392,0.149,Jul 14 2022 03: +0
2330,0.16,Jul 14 2022 04: +0
3477,0.16,Jul 14 2022 05: +0
1754,0.15,Jul 14 2022 06: +0
2196,0.15,Jul 14 2022 07: +0
2022,0.15,Jul 14 2022 08: +0
1876,0.14,Jul 14 2022 09: +0
2250,0.136,Jul 14 2022 10: +0
2315,0.137,Jul 14 2022 11: +0
2358,0.132,Jul 14 2022 12: +0
2963,0.135,Jul 14 2022 13: +0
2969,0.133,Jul 14 2022 14: +0
3582,0.139,Jul 14 2022 15: +0
4157,0.14,Jul 14 2022 16: +0
3504,0.137,Jul 14 2022 17: +0
3434,0.135,Jul 14 2022 18: +0
4282,0.137,Jul 14 2022 19: +0
4282,0.135,Jul 14 2022 20: +0
4604,0.139,Jul 14 2022 21: +0
3437,0.133,Jul 14 2022 22: +0
2973,0.136,Jul 14 2022 23: +0
2155,0.136,Jul 15 2022 00: +0
1692,0.134,Jul 15 2022 01: +0
1475,0.132,Jul 15 2022 02: +0
2130,0.14,Jul 15 2022 03: +0
2812,0.15,Jul 15 2022 04: +0
1884,0.15,Jul 15 2022 05: +0
1593,0.149,Jul 15 2022 06: +0
2007,0.15,Jul 15 2022 07: +0
1759,0.148,Jul 15 2022 08: +0
2401,0.14,Jul 15 2022 09: +0
2011,0.134,Jul 15 2022 10: +0
2071,0.132,Jul 15 2022 11: +0
2891,0.139,Jul 15 2022 12: +0
3256,0.139,Jul 15 2022 13: +0
2408,0.137,Jul 15 2022 14: +0
2759,0.139,Jul 15 2022 15: +0
3754,0.139,Jul 15 2022 16: +0
3343,0.139,Jul 15 2022 17: +0
3247,0.139,Jul 15 2022 18: +0
3221,0.137,Jul 15 2022 19: +0
3070,0.13,Jul 15 2022 20: +0
3217,0.13,Jul 15 2022 21: +0
3256,0.13,Jul 15 2022 22: +0
2984,0.13,Jul 15 2022 23: +0
2208,0.131,Jul 16 2022 00: +0
1757,0.131,Jul 16 2022 01: +0
1637,0.138,Jul 16 2022 02: +0
1769,0.14,Jul 16 2022 03: +0
2169,0.14,Jul 16 2022 04: +0
2600,0.15,Jul 16 2022 05: +0
1546,0.14,Jul 16 2022 06: +0
2320,0.148,Jul 16 2022 07: +0
1955,0.142,Jul 16 2022 08: +0
2859,0.131,Jul 16 2022 09: +0
2515,0.141,Jul 16 2022 10: +0
2750,0.14,Jul 16 2022 11: +0
3691,0.141,Jul 16 2022 12: +0
3014,0.137,Jul 16 2022 13: +0
3675,0.14,Jul 16 2022 14: +0
3536,0.138,Jul 16 2022 15: +0
4560,0.141,Jul 16 2022 16: +0
3467,0.136,Jul 16 2022 17: +0
3164,0.136,Jul 16 2022 18: +0
3589,0.135,Jul 16 2022 19: +0
3613,0.131,Jul 16 2022 20: +0
3540,0.131,Jul 16 2022 21: +0
3034,0.13,Jul 16 2022 22: +0
2659,0.13,Jul 16 2022 23: +0
2085,0.13,Jul 17 2022 00: +0
1834,0.131,Jul 17 2022 01: +0
1570,0.136,Jul 17 2022 02: +0
2106,0.143,Jul 17 2022 03: +0
1888,0.14,Jul 17 2022 04: +0
1631,0.14,Jul 17 2022 05: +0
1770,0.143,Jul 17 2022 06: +0
2564,0.142,Jul 17 2022 07: +0
2701,0.141,Jul 17 2022 08: +0
2508,0.14,Jul 17 2022 09: +0
2193,0.136,Jul 17 2022 10: +0
2821,0.136,Jul 17 2022 11: +0
3007,0.136,Jul 17 2022 12: +0
3574,0.136,Jul 17 2022 13: +0
3032,0.131,Jul 17 2022 14: +0
2859,0.13,Jul 17 2022 15: +0
3114,0.13,Jul 17 2022 16: +0
3395,0.13,Jul 17 2022 17: +0
3437,0.13,Jul 17 2022 18: +0
3716,0.13,Jul 17 2022 19: +0
3749,0.13,Jul 17 2022 20: +0
3765,0.131,Jul 17 2022 21: +0
3317,0.13,Jul 17 2022 22: +0
3101,0.13,Jul 17 2022 23: +0
2521,0.131,Jul 18 2022 00: +0
2057,0.132,Jul 18 2022 01: +0
1717,0.13,Jul 18 2022 02: +0
3144,0.15,Jul 18 2022 03: +0
2199,0.14,Jul 18 2022 04: +0
1535,0.139,Jul 18 2022 05: +0
1729,0.14,Jul 18 2022 06: +0
1435,0.133,Jul 18 2022 07: +0
1890,0.131,Jul 18 2022 08: +0
2865,0.139,Jul 18 2022 09: +0
2649,0.136,Jul 18 2022 10: +0
2252,0.129,Jul 18 2022 11: +0
2755,0.13,Jul 18 2022 12: +0
3339,0.13,Jul 18 2022 13: +0
4611,0.14,Jul 18 2022 14: +0
4161,0.14,Jul 18 2022 15: +0
4723,0.139,Jul 18 2022 16: +0
4976,0.139,Jul 18 2022 17: +0
4138,0.137,Jul 18 2022 18: +0
3911,0.131,Jul 18 2022 19: +0
4571,0.131,Jul 18 2022 20: +0
4370,0.131,Jul 18 2022 21: +0
2375,0.134,Jul 18 2022 22: +0
2714,0.13,Jul 18 2022 23: +0
1996,0.131,Jul 19 2022 00: +0
1796,0.131,Jul 19 2022 01: +0
1786,0.132,Jul 19 2022 02: +0
2728,0.142,Jul 19 2022 03: +0
1737,0.139,Jul 19 2022 04: +0
1269,0.133,Jul 19 2022 05: +0
2026,0.139,Jul 19 2022 06: +0
1499,0.132,Jul 19 2022 07: +0
1710,0.139,Jul 19 2022 08: +0
2342,0.14,Jul 19 2022 09: +0
2538,0.139,Jul 19 2022 10: +0
2807,0.139,Jul 19 2022 11: +0
2976,0.137,Jul 19 2022 12: +0
3086,0.137,Jul 19 2022 13: +0
3896,0.141,Jul 19 2022 14: +0
3268,0.136,Jul 19 2022 15: +0
3555,0.14,Jul 19 2022 16: +0
3424,0.13,Jul 19 2022 17: +0
3573,0.138,Jul 19 2022 18: +0
3839,0.139,Jul 19 2022 19: +0
4084,0.13,Jul 19 2022 20: +0
4269,0.133,Jul 19 2022 21: +0
4422,0.14,Jul 19 2022 22: +0
3721,0.133,Jul 19 2022 23: +0
1579,0.131,Jul 20 2022 00: +0
1755,0.134,Jul 20 2022 01: +0
2044,0.14,Jul 20 2022 02: +0
2214,0.14,Jul 20 2022 03: +0
2475,0.15,Jul 20 2022 04: +0
1009,0.14,Jul 20 2022 05: +0
1405,0.14,Jul 20 2022 06: +0
1458,0.141,Jul 20 2022 07: +0
1570,0.138,Jul 20 2022 08: +0
1371,0.134,Jul 20 2022 09: +0
1685,0.132,Jul 20 2022 10: +0
1989,0.138,Jul 20 2022 11: +0
2085,0.133,Jul 20 2022 12: +0
2499,0.133,Jul 20 2022 13: +0
2414,0.133,Jul 20 2022 14: +0
2658,0.14,Jul 20 2022 15: +0
2667,0.133,Jul 20 2022 16: +0
3390,0.142,Jul 20 2022 17: +0
3679,0.13,Jul 20 2022 18: +0
4797,0.13,Jul 20 2022 19: +0
4326,0.13,Jul 20 2022 20: +0
4050,0.133,Jul 20 2022 21: +0
3883,0.131,Jul 20 2022 22: +0
3026,0.13,Jul 20 2022 23: +0
2712,0.132,Jul 21 2022 00: +0
2089,0.133,Jul 21 2022 01: +0
1719,0.13,Jul 21 2022 02: +0
2213,0.14,Jul 21 2022 03: +0
2370,0.14,Jul 21 2022 04: +0
2364,0.141,Jul 21 2022 05: +0
2062,0.141,Jul 21 2022 06: +0
1575,0.133,Jul 21 2022 07: +0
1840,0.138,Jul 21 2022 08: +0
2659,0.13,Jul 21 2022 09: +0
2912,0.14,Jul 21 2022 10: +0
2670,0.131,Jul 21 2022 11: +0
2609,0.13,Jul 21 2022 12: +0
3293,0.14,Jul 21 2022 13: +0
3641,0.14,Jul 21 2022 14: +0
3634,0.14,Jul 21 2022 15: +0
4330,0.14,Jul 21 2022 16: +0
4211,0.141,Jul 21 2022 17: +0
3438,0.13,Jul 21 2022 18: +0
3913,0.132,Jul 21 2022 19: +0
4028,0.13,Jul 21 2022 20: +0
4145,0.132,Jul 21 2022 21: +0
6968,0.13,Jul 21 2022 22: +0
3808,0.13,Jul 21 2022 23: +0
2449,0.13,Jul 22 2022 00: +0
2027,0.131,Jul 22 2022 01: +0
2555,0.14,Jul 22 2022 02: +0
2275,0.14,Jul 22 2022 03: +0
2129,0.14,Jul 22 2022 04: +0
2182,0.142,Jul 22 2022 05: +0
1925,0.14,Jul 22 2022 06: +0
3243,0.14,Jul 22 2022 07: +0
2117,0.14,Jul 22 2022 08: +0
3018,0.142,Jul 22 2022 09: +0
2919,0.14,Jul 22 2022 10: +0
2895,0.14,Jul 22 2022 11: +0
3115,0.14,Jul 22 2022 12: +0
4028,0.14,Jul 22 2022 13: +0
3329,0.14,Jul 22 2022 14: +0
3599,0.14,Jul 22 2022 15: +0
5985,0.142,Jul 22 2022 16: +0
5902,0.147,Jul 22 2022 17: +0
5268,0.146,Jul 22 2022 18: +0
5000,0.143,Jul 22 2022 19: +0
4851,0.142,Jul 22 2022 20: +0
5122,0.143,Jul 22 2022 21: +0
5145,0.143,Jul 22 2022 22: +0
3672,0.143,Jul 22 2022 23: +0
2612,0.141,Jul 23 2022 00: +0
2560,0.146,Jul 23 2022 01: +0
2332,0.148,Jul 23 2022 02: +0
2009,0.15,Jul 23 2022 03: +0
3073,0.16,Jul 23 2022 04: +0
2565,0.153,Jul 23 2022 05: +0
2274,0.153,Jul 23 2022 06: +0
2570,0.153,Jul 23 2022 07: +0
3157,0.153,Jul 23 2022 08: +0
1910,0.149,Jul 23 2022 09: +0
2456,0.145,Jul 23 2022 10: +0
2555,0.148,Jul 23 2022 11: +0
2939,0.143,Jul 23 2022 12: +0
3153,0.143,Jul 23 2022 13: +0
3885,0.143,Jul 23 2022 14: +0
3447,0.14,Jul 23 2022 15: +0
2931,0.14,Jul 23 2022 16: +0
3912,0.14,Jul 23 2022 17: +0
3610,0.14,Jul 23 2022 18: +0
3690,0.14,Jul 23 2022 19: +0
3752,0.14,Jul 23 2022 20: +0
3424,0.14,Jul 23 2022 21: +0
3460,0.14,Jul 23 2022 22: +0
3427,0.14,Jul 23 2022 23: +0
2837,0.14,Jul 24 2022 00: +0
2189,0.142,Jul 24 2022 01: +0
1432,0.14,Jul 24 2022 02: +0
1850,0.15,Jul 24 2022 03: +0
1734,0.15,Jul 24 2022 04: +0
1791,0.15,Jul 24 2022 05: +0
3401,0.16,Jul 24 2022 06: +0
1889,0.149,Jul 24 2022 07: +0
2457,0.15,Jul 24 2022 08: +0
2755,0.152,Jul 24 2022 09: +0
2774,0.146,Jul 24 2022 10: +0
2324,0.139,Jul 24 2022 11: +0
3373,0.141,Jul 24 2022 12: +0
3772,0.14,Jul 24 2022 13: +0
3447,0.14,Jul 24 2022 14: +0
4301,0.15,Jul 24 2022 15: +0
4294,0.15,Jul 24 2022 16: +0
4296,0.143,Jul 24 2022 17: +0
3724,0.14,Jul 24 2022 18: +0
4049,0.139,Jul 24 2022 19: +0
4164,0.139,Jul 24 2022 20: +0
4098,0.14,Jul 24 2022 21: +0
3679,0.138,Jul 24 2022 22: +0
3260,0.14,Jul 24 2022 23: +0
2671,0.143,Jul 25 2022 00: +0
1709,0.14,Jul 25 2022 01: +0
1954,0.146,Jul 25 2022 02: +0
1845,0.15,Jul 25 2022 03: +0
2095,0.15,Jul 25 2022 04: +0
1758,0.148,Jul 25 2022 05: +0
1395,0.149,Jul 25 2022 06: +0
2122,0.146,Jul 25 2022 07: +0
2133,0.15,Jul 25 2022 08: +0
1938,0.14,Jul 25 2022 09: +0
2143,0.139,Jul 25 2022 10: +0
2467,0.14,Jul 25 2022 11: +0
2654,0.138,Jul 25 2022 12: +0
2707,0.139,Jul 25 2022 13: +0
3218,0.14,Jul 25 2022 14: +0
3515,0.14,Jul 25 2022 15: +0
4672,0.151,Jul 25 2022 16: +0
3642,0.142,Jul 25 2022 17: +0
3542,0.14,Jul 25 2022 18: +0
3602,0.14,Jul 25 2022 19: +0
4251,0.14,Jul 25 2022 20: +0
4420,0.143,Jul 25 2022 21: +0
3491,0.145,Jul 25 2022 22: +0
2858,0.145,Jul 25 2022 23: +0
2606,0.144,Jul 26 2022 00: +0
1857,0.144,Jul 26 2022 01: +0
1762,0.15,Jul 26 2022 02: +0
2188,0.15,Jul 26 2022 03: +0
2369,0.155,Jul 26 2022 04: +0
2465,0.154,Jul 26 2022 05: +0
1700,0.15,Jul 26 2022 06: +0
1760,0.149,Jul 26 2022 07: +0
1862,0.147,Jul 26 2022 08: +0
1841,0.14,Jul 26 2022 09: +0
2783,0.147,Jul 26 2022 10: +0
2510,0.14,Jul 26 2022 11: +0
3084,0.141,Jul 26 2022 12: +0
2823,0.138,Jul 26 2022 13: +0
2920,0.138,Jul 26 2022 14: +0
2980,0.137,Jul 26 2022 15: +0
3268,0.138,Jul 26 2022 16: +0
4160,0.136,Jul 26 2022 17: +0
3698,0.137,Jul 26 2022 18: +0
3740,0.136,Jul 26 2022 19: +0
3594,0.132,Jul 26 2022 20: +0
3279,0.132,Jul 26 2022 21: +0
3329,0.131,Jul 26 2022 22: +0
2348,0.13,Jul 26 2022 23: +0
1932,0.131,Jul 27 2022 00: +0
2000,0.132,Jul 27 2022 01: +0
1935,0.14,Jul 27 2022 02: +0
1674,0.14,Jul 27 2022 03: +0
2001,0.142,Jul 27 2022 04: +0
2088,0.15,Jul 27 2022 05: +0
1263,0.146,Jul 27 2022 06: +0
1640,0.14,Jul 27 2022 07: +0
1466,0.137,Jul 27 2022 08: +0
1960,0.139,Jul 27 2022 09: +0
3119,0.149,Jul 27 2022 10: +0
3111,0.152,Jul 27 2022 11: +0
2472,0.142,Jul 27 2022 12: +0
2848,0.142,Jul 27 2022 13: +0
3088,0.142,Jul 27 2022 14: +0
3317,0.146,Jul 27 2022 15: +0
3351,0.142,Jul 27 2022 16: +0
3450,0.142,Jul 27 2022 17: +0
3578,0.142,Jul 27 2022 18: +0
3718,0.14,Jul 27 2022 19: +0
4945,0.142,Jul 27 2022 20: +0
3412,0.132,Jul 27 2022 21: +0
3097,0.133,Jul 27 2022 22: +0
2590,0.13,Jul 27 2022 23: +0
2078,0.132,Jul 28 2022 00: +0
1622,0.131,Jul 28 2022 01: +0
1585,0.14,Jul 28 2022 02: +0
1749,0.14,Jul 28 2022 03: +0
2482,0.152,Jul 28 2022 04: +0
1633,0.152,Jul 28 2022 05: +0
1524,0.144,Jul 28 2022 06: +0
1112,0.136,Jul 28 2022 07: +0
1794,0.142,Jul 28 2022 08: +0
1903,0.14,Jul 28 2022 09: +0
2229,0.142,Jul 28 2022 10: +0
2224,0.132,Jul 28 2022 11: +0
2513,0.136,Jul 28 2022 12: +0
2725,0.14,Jul 28 2022 13: +0
3345,0.142,Jul 28 2022 14: +0
3225,0.14,Jul 28 2022 15: +0
3390,0.14,Jul 28 2022 16: +0
4046,0.14,Jul 28 2022 17: +0
3902,0.14,Jul 28 2022 18: +0
4036,0.145,Jul 28 2022 19: +0
3735,0.14,Jul 28 2022 20: +0
3842,0.14,Jul 28 2022 21: +0
3584,0.14,Jul 28 2022 22: +0
3094,0.144,Jul 28 2022 23: +0
2393,0.14,Jul 29 2022 00: +0
1937,0.139,Jul 29 2022 01: +0
1680,0.14,Jul 29 2022 02: +0
1733,0.141,Jul 29 2022 03: +0
1704,0.15,Jul 29 2022 04: +0
2300,0.16,Jul 29 2022 05: +0
2520,0.152,Jul 29 2022 06: +0
1272,0.147,Jul 29 2022 07: +0
2265,0.152,Jul 29 2022 08: +0
2110,0.152,Jul 29 2022 09: +0
2239,0.15,Jul 29 2022 10: +0
2444,0.144,Jul 29 2022 11: +0
2711,0.14,Jul 29 2022 12: +0
2975,0.142,Jul 29 2022 13: +0
3139,0.15,Jul 29 2022 14: +0
3339,0.15,Jul 29 2022 15: +0
3929,0.147,Jul 29 2022 16: +0
4402,0.15,Jul 29 2022 17: +0
4151,0.15,Jul 29 2022 18: +0
4477,0.147,Jul 29 2022 19: +0
4079,0.148,Jul 29 2022 20: +0
4057,0.14,Jul 29 2022 21: +0
3453,0.139,Jul 29 2022 22: +0
3186,0.137,Jul 29 2022 23: +0
2620,0.139,Jul 30 2022 00: +0
2691,0.15,Jul 30 2022 01: +0
2332,0.149,Jul 30 2022 02: +0
2053,0.15,Jul 30 2022 03: +0
2235,0.15,Jul 30 2022 04: +0
2155,0.152,Jul 30 2022 05: +0
2358,0.15,Jul 30 2022 06: +0
2166,0.15,Jul 30 2022 07: +0
2582,0.152,Jul 30 2022 08: +0
2236,0.15,Jul 30 2022 09: +0
2696,0.145,Jul 30 2022 10: +0
2598,0.145,Jul 30 2022 11: +0
2543,0.141,Jul 30 2022 12: +0
3300,0.145,Jul 30 2022 13: +0
3560,0.145,Jul 30 2022 14: +0
3185,0.143,Jul 30 2022 15: +0
3744,0.145,Jul 30 2022 16: +0
4323,0.144,Jul 30 2022 17: +0
3711,0.145,Jul 30 2022 18: +0
3593,0.142,Jul 30 2022 19: +0
4238,0.144,Jul 30 2022 20: +0
3931,0.142,Jul 30 2022 21: +0
3765,0.142,Jul 30 2022 22: +0
3551,0.15,Jul 30 2022 23: +0
2392,0.143,Jul 31 2022 00: +0
2014,0.145,Jul 31 2022 01: +0
1453,0.149,Jul 31 2022 02: +0
2047,0.152,Jul 31 2022 03: +0
1689,0.152,Jul 31 2022 04: +0
2742,0.159,Jul 31 2022 05: +0
2307,0.15,Jul 31 2022 06: +0
1894,0.15,Jul 31 2022 07: +0
2539,0.15,Jul 31 2022 08: +0
2044,0.148,Jul 31 2022 09: +0
2357,0.142,Jul 31 2022 10: +0
2780,0.142,Jul 31 2022 11: +0
2919,0.14,Jul 31 2022 12: +0
4148,0.142,Jul 31 2022 13: +0
4210,0.142,Jul 31 2022 14: +0
4183,0.145,Jul 31 2022 15: +0
4415,0.145,Jul 31 2022 16: +0
4238,0.145,Jul 31 2022 17: +0
4106,0.142,Jul 31 2022 18: +0
4248,0.14,Jul 31 2022 19: +0
4191,0.138,Jul 31 2022 20: +0
4407,0.14,Jul 31 2022 21: +0
3677,0.14,Jul 31 2022 22: +0
2696,0.14,Jul 31 2022 23: +0
2338,0.14,Aug 01 2022 00: +0
2073,0.142,Aug 01 2022 01: +0
2072,0.15,Aug 01 2022 02: +0
1895,0.15,Aug 01 2022 03: +0
1505,0.15,Aug 01 2022 04: +0
1897,0.15,Aug 01 2022 05: +0
1259,0.148,Aug 01 2022 06: +0
1668,0.145,Aug 01 2022 07: +0
2334,0.151,Aug 01 2022 08: +0
2206,0.145,Aug 01 2022 09: +0
2342,0.142,Aug 01 2022 10: +0
2816,0.144,Aug 01 2022 11: +0
2754,0.146,Aug 01 2022 12: +0
3392,0.143,Aug 01 2022 13: +0
3386,0.141,Aug 01 2022 14: +0
3458,0.141,Aug 01 2022 15: +0
3526,0.148,Aug 01 2022 16: +0
4233,0.142,Aug 01 2022 17: +0
3448,0.14,Aug 01 2022 18: +0
4122,0.14,Aug 01 2022 19: +0
4326,0.138,Aug 01 2022 20: +0
3695,0.136,Aug 01 2022 21: +0
4166,0.141,Aug 01 2022 22: +0
2889,0.136,Aug 01 2022 23: +0
1954,0.139,Aug 02 2022 00: +0
1452,0.139,Aug 02 2022 01: +0
3449,0.16,Aug 02 2022 02: +0
2526,0.16,Aug 02 2022 03: +0
1799,0.16,Aug 02 2022 04: +0
2007,0.16,Aug 02 2022 05: +0
1396,0.155,Aug 02 2022 06: +0
1562,0.15,Aug 02 2022 07: +0
1705,0.145,Aug 02 2022 08: +0
2757,0.143,Aug 02 2022 09: +0
2750,0.15,Aug 02 2022 10: +0
2641,0.14,Aug 02 2022 11: +0
3240,0.141,Aug 02 2022 12: +0
3378,0.139,Aug 02 2022 13: +0
3521,0.139,Aug 02 2022 14: +0
3593,0.14,Aug 02 2022 15: +0
3596,0.14,Aug 02 2022 16: +0
4133,0.142,Aug 02 2022 17: +0
4037,0.14,Aug 02 2022 18: +0
3869,0.139,Aug 02 2022 19: +0
4477,0.139,Aug 02 2022 20: +0
4364,0.137,Aug 02 2022 21: +0
4137,0.14,Aug 02 2022 22: +0
3126,0.137,Aug 02 2022 23: +0
1791,0.137,Aug 03 2022 00: +0
1867,0.137,Aug 03 2022 01: +0
1786,0.141,Aug 03 2022 02: +0
7149,0.155,Aug 03 2022 03: +0
2382,0.153,Aug 03 2022 04: +0
2394,0.154,Aug 03 2022 05: +0
2154,0.154,Aug 03 2022 06: +0
1908,0.15,Aug 03 2022 07: +0
1791,0.15,Aug 03 2022 08: +0
2180,0.143,Aug 03 2022 09: +0
2368,0.139,Aug 03 2022 10: +0
2755,0.14,Aug 03 2022 11: +0
2888,0.139,Aug 03 2022 12: +0
3432,0.141,Aug 03 2022 13: +0
3594,0.139,Aug 03 2022 14: +0
3727,0.141,Aug 03 2022 15: +0
3891,0.141,Aug 03 2022 16: +0
3980,0.141,Aug 03 2022 17: +0
4447,0.143,Aug 03 2022 18: +0
4467,0.141,Aug 03 2022 19: +0
4855,0.143,Aug 03 2022 20: +0
3920,0.135,Aug 03 2022 21: +0
3730,0.139,Aug 03 2022 22: +0
3214,0.139,Aug 03 2022 23: +0
2258,0.135,Aug 04 2022 00: +0
1441,0.138,Aug 04 2022 01: +0
1882,0.142,Aug 04 2022 02: +0
3087,0.153,Aug 04 2022 03: +0
2261,0.152,Aug 04 2022 04: +0
2025,0.152,Aug 04 2022 05: +0
1726,0.15,Aug 04 2022 06: +0
1717,0.15,Aug 04 2022 07: +0
1605,0.141,Aug 04 2022 08: +0
1869,0.141,Aug 04 2022 09: +0
2098,0.14,Aug 04 2022 10: +0
2533,0.14,Aug 04 2022 11: +0
3197,0.14,Aug 04 2022 12: +0
3094,0.15,Aug 04 2022 13: +0
4457,0.153,Aug 04 2022 14: +0
3425,0.14,Aug 04 2022 15: +0
3511,0.14,Aug 04 2022 16: +0
3598,0.141,Aug 04 2022 17: +0
3392,0.139,Aug 04 2022 18: +0
3981,0.14,Aug 04 2022 19: +0
4010,0.134,Aug 04 2022 20: +0
4027,0.138,Aug 04 2022 21: +0
3519,0.136,Aug 04 2022 22: +0
2674,0.132,Aug 04 2022 23: +0
2227,0.131,Aug 05 2022 00: +0
2085,0.14,Aug 05 2022 01: +0
1926,0.143,Aug 05 2022 02: +0
1482,0.14,Aug 05 2022 03: +0
1524,0.141,Aug 05 2022 04: +0
1177,0.142,Aug 05 2022 05: +0
1288,0.141,Aug 05 2022 06: +0
2640,0.15,Aug 05 2022 07: +0
2150,0.152,Aug 05 2022 08: +0
2324,0.152,Aug 05 2022 09: +0
3137,0.15,Aug 05 2022 10: +0
2738,0.15,Aug 05 2022 11: +0
2865,0.146,Aug 05 2022 12: +0
2966,0.139,Aug 05 2022 13: +0
3543,0.142,Aug 05 2022 14: +0
2951,0.138,Aug 05 2022 15: +0
3540,0.14,Aug 05 2022 16: +0
3869,0.142,Aug 05 2022 17: +0
3698,0.143,Aug 05 2022 18: +0
3705,0.141,Aug 05 2022 19: +0
3657,0.137,Aug 05 2022 20: +0
4238,0.14,Aug 05 2022 21: +0
4009,0.14,Aug 05 2022 22: +0
3282,0.14,Aug 05 2022 23: +0
2470,0.14,Aug 06 2022 00: +0
2090,0.14,Aug 06 2022 01: +0
1725,0.149,Aug 06 2022 02: +0
2681,0.152,Aug 06 2022 03: +0
2709,0.15,Aug 06 2022 04: +0
2190,0.15,Aug 06 2022 05: +0
1979,0.15,Aug 06 2022 06: +0
1879,0.149,Aug 06 2022 07: +0
1891,0.142,Aug 06 2022 08: +0
3080,0.15,Aug 06 2022 09: +0
2856,0.146,Aug 06 2022 10: +0
3207,0.15,Aug 06 2022 11: +0
2737,0.14,Aug 06 2022 12: +0
3114,0.138,Aug 06 2022 13: +0
3672,0.14,Aug 06 2022 14: +0
3601,0.134,Aug 06 2022 15: +0
3181,0.131,Aug 06 2022 16: +0
3499,0.14,Aug 06 2022 17: +0
3598,0.133,Aug 06 2022 18: +0
3811,0.136,Aug 06 2022 19: +0
3723,0.134,Aug 06 2022 20: +0
3698,0.131,Aug 06 2022 21: +0
3474,0.131,Aug 06 2022 22: +0
2912,0.131,Aug 06 2022 23: +0
2224,0.132,Aug 07 2022 00: +0
2122,0.142,Aug 07 2022 01: +0
1728,0.146,Aug 07 2022 02: +0
1965,0.149,Aug 07 2022 03: +0
2922,0.152,Aug 07 2022 04: +0
2613,0.15,Aug 07 2022 05: +0
2117,0.149,Aug 07 2022 06: +0
1874,0.142,Aug 07 2022 07: +0
1795,0.14,Aug 07 2022 08: +0
2280,0.14,Aug 07 2022 09: +0
1918,0.13,Aug 07 2022 10: +0
3025,0.142,Aug 07 2022 11: +0
2935,0.133,Aug 07 2022 12: +0
3219,0.142,Aug 07 2022 13: +0
3210,0.13,Aug 07 2022 14: +0
3678,0.133,Aug 07 2022 15: +0
3210,0.13,Aug 07 2022 16: +0
4504,0.14,Aug 07 2022 17: +0
4458,0.14,Aug 07 2022 18: +0
4731,0.142,Aug 07 2022 19: +0
5055,0.142,Aug 07 2022 20: +0
3738,0.131,Aug 07 2022 21: +0
3606,0.14,Aug 07 2022 22: +0
3215,0.133,Aug 07 2022 23: +0
2972,0.142,Aug 08 2022 00: +0
,0.14,Aug 08 2022 01:01:42
